filepath,label
aug/MonkeyPox/aug-_363_6573909.jpg,MonkeyPox
aug/MonkeyPox/aug-_59_1791466.jpg,MonkeyPox
aug/MonkeyPox/aug-_109_4972405.jpg,MonkeyPox
aug/MonkeyPox/aug-_1_7673753.jpg,MonkeyPox
aug/MonkeyPox/aug-_371_9689692.jpg,MonkeyPox
aug/MonkeyPox/aug-_117_2456485.jpg,MonkeyPox
aug/MonkeyPox/aug-_297_5725583.jpg,MonkeyPox
aug/MonkeyPox/aug-_12_2542841.jpg,MonkeyPox
aug/MonkeyPox/aug-_225_7292496.jpg,MonkeyPox
aug/MonkeyPox/aug-_38_1217316.jpg,MonkeyPox
aug/MonkeyPox/aug-_196_2761429.jpg,MonkeyPox
aug/MonkeyPox/aug-_195_5280184.jpg,MonkeyPox
aug/MonkeyPox/aug-_317_625862.jpg,MonkeyPox
aug/MonkeyPox/aug-_288_9298318.jpg,MonkeyPox
aug/MonkeyPox/aug-_261_6007667.jpg,MonkeyPox
aug/MonkeyPox/aug-_78_1870882.jpg,MonkeyPox
aug/MonkeyPox/aug-_223_7884214.jpg,MonkeyPox
aug/MonkeyPox/aug-_273_5205273.jpg,MonkeyPox
aug/MonkeyPox/aug-_2_4546777.jpg,MonkeyPox
aug/MonkeyPox/aug-_8_5527899.jpg,MonkeyPox
aug/MonkeyPox/aug-_97_8926200.jpg,MonkeyPox
aug/MonkeyPox/aug-_105_8647458.jpg,MonkeyPox
aug/MonkeyPox/aug-_119_225126.jpg,MonkeyPox
aug/MonkeyPox/aug-_40_2475441.jpg,MonkeyPox
aug/MonkeyPox/aug-_175_5292190.jpg,MonkeyPox
aug/MonkeyPox/aug-_25_7098092.jpg,MonkeyPox
aug/MonkeyPox/aug-_51_8561111.jpg,MonkeyPox
aug/MonkeyPox/aug-_188_2148551.jpg,MonkeyPox
aug/MonkeyPox/aug-_117_2555125.jpg,MonkeyPox
aug/MonkeyPox/aug-_293_1436497.jpg,MonkeyPox
aug/MonkeyPox/aug-_330_2050720.jpg,MonkeyPox
aug/MonkeyPox/aug-_20_969772.jpg,MonkeyPox
aug/MonkeyPox/aug-_218_1262336.jpg,MonkeyPox
aug/MonkeyPox/aug-_93_6574900.jpg,MonkeyPox
aug/MonkeyPox/aug-_17_2551036.jpg,MonkeyPox
aug/MonkeyPox/aug-_23_5834152.jpg,MonkeyPox
aug/MonkeyPox/aug-_80_7724599.jpg,MonkeyPox
aug/MonkeyPox/aug-_122_2754354.jpg,MonkeyPox
aug/MonkeyPox/aug-_258_9391190.jpg,MonkeyPox
aug/MonkeyPox/aug-_361_4763123.jpg,MonkeyPox
aug/MonkeyPox/aug-_36_8797727.jpg,MonkeyPox
aug/MonkeyPox/aug-_1_7459720.jpg,MonkeyPox
aug/MonkeyPox/aug-_268_2654941.jpg,MonkeyPox
aug/MonkeyPox/aug-_58_7332463.jpg,MonkeyPox
aug/MonkeyPox/aug-_262_3835727.jpg,MonkeyPox
aug/MonkeyPox/aug-_75_4509966.jpg,MonkeyPox
aug/MonkeyPox/aug-_225_2725003.jpg,MonkeyPox
aug/MonkeyPox/aug-_207_9936282.jpg,MonkeyPox
aug/MonkeyPox/aug-_62_2123211.jpg,MonkeyPox
aug/MonkeyPox/aug-_173_1100409.jpg,MonkeyPox
aug/MonkeyPox/aug-_128_1864523.jpg,MonkeyPox
aug/MonkeyPox/aug-_25_4087186.jpg,MonkeyPox
aug/MonkeyPox/aug-_138_922057.jpg,MonkeyPox
aug/MonkeyPox/aug-_291_6708810.jpg,MonkeyPox
aug/MonkeyPox/aug-_233_5656393.jpg,MonkeyPox
aug/MonkeyPox/aug-_306_5676075.jpg,MonkeyPox
aug/MonkeyPox/aug-_45_7996549.jpg,MonkeyPox
aug/MonkeyPox/aug-_65_6144621.jpg,MonkeyPox
aug/MonkeyPox/aug-_77_4651790.jpg,MonkeyPox
aug/MonkeyPox/aug-_293_6027913.jpg,MonkeyPox
aug/MonkeyPox/aug-_14_849010.jpg,MonkeyPox
aug/MonkeyPox/aug-_266_809476.jpg,MonkeyPox
aug/MonkeyPox/aug-_2_5166576.jpg,MonkeyPox
aug/MonkeyPox/aug-_320_2715895.jpg,MonkeyPox
aug/MonkeyPox/aug-_119_4113255.jpg,MonkeyPox
aug/MonkeyPox/aug-_366_8654669.jpg,MonkeyPox
aug/MonkeyPox/aug-_89_1495468.jpg,MonkeyPox
aug/MonkeyPox/aug-_111_4722485.jpg,MonkeyPox
aug/MonkeyPox/aug-_144_6828879.jpg,MonkeyPox
aug/MonkeyPox/aug-_44_8906859.jpg,MonkeyPox
aug/MonkeyPox/aug-_350_2481512.jpg,MonkeyPox
aug/MonkeyPox/aug-_170_3502209.jpg,MonkeyPox
aug/MonkeyPox/aug-_62_7181385.jpg,MonkeyPox
aug/MonkeyPox/aug-_2_7352526.jpg,MonkeyPox
aug/MonkeyPox/aug-_366_9139156.jpg,MonkeyPox
aug/MonkeyPox/aug-_279_9168577.jpg,MonkeyPox
aug/MonkeyPox/aug-_35_9235871.jpg,MonkeyPox
aug/MonkeyPox/aug-_254_704090.jpg,MonkeyPox
aug/MonkeyPox/aug-_309_5347829.jpg,MonkeyPox
aug/MonkeyPox/aug-_316_5837587.jpg,MonkeyPox
aug/MonkeyPox/aug-_43_780964.jpg,MonkeyPox
aug/MonkeyPox/aug-_108_1307926.jpg,MonkeyPox
aug/MonkeyPox/aug-_6_1366720.jpg,MonkeyPox
aug/MonkeyPox/aug-_291_916513.jpg,MonkeyPox
aug/MonkeyPox/aug-_285_3724544.jpg,MonkeyPox
aug/MonkeyPox/aug-_211_8934422.jpg,MonkeyPox
aug/MonkeyPox/aug-_357_8535112.jpg,MonkeyPox
aug/MonkeyPox/aug-_207_958918.jpg,MonkeyPox
aug/MonkeyPox/aug-_148_8967825.jpg,MonkeyPox
aug/MonkeyPox/aug-_159_9824446.jpg,MonkeyPox
aug/MonkeyPox/aug-_197_8567812.jpg,MonkeyPox
aug/MonkeyPox/aug-_44_8020407.jpg,MonkeyPox
aug/MonkeyPox/aug-_223_4346670.jpg,MonkeyPox
aug/MonkeyPox/aug-_192_1218717.jpg,MonkeyPox
aug/MonkeyPox/aug-_60_2662899.jpg,MonkeyPox
aug/MonkeyPox/aug-_104_4313508.jpg,MonkeyPox
aug/MonkeyPox/aug-_78_7126802.jpg,MonkeyPox
aug/MonkeyPox/aug-_155_9720512.jpg,MonkeyPox
aug/MonkeyPox/aug-_221_4669100.jpg,MonkeyPox
aug/MonkeyPox/aug-_369_9555052.jpg,MonkeyPox
aug/MonkeyPox/aug-_125_9217500.jpg,MonkeyPox
aug/MonkeyPox/aug-_111_6758154.jpg,MonkeyPox
aug/MonkeyPox/aug-_106_2376212.jpg,MonkeyPox
aug/MonkeyPox/aug-_53_62752.jpg,MonkeyPox
aug/MonkeyPox/aug-_240_2878655.jpg,MonkeyPox
aug/MonkeyPox/aug-_376_5145688.jpg,MonkeyPox
aug/MonkeyPox/aug-_105_1551042.jpg,MonkeyPox
aug/MonkeyPox/aug-_257_6750137.jpg,MonkeyPox
aug/MonkeyPox/aug-_277_761900.jpg,MonkeyPox
aug/MonkeyPox/aug-_296_6289884.jpg,MonkeyPox
aug/MonkeyPox/aug-_309_1522352.jpg,MonkeyPox
aug/MonkeyPox/aug-_162_1508860.jpg,MonkeyPox
aug/MonkeyPox/aug-_372_9177122.jpg,MonkeyPox
aug/MonkeyPox/aug-_147_9413221.jpg,MonkeyPox
aug/MonkeyPox/aug-_147_3520827.jpg,MonkeyPox
aug/MonkeyPox/aug-_269_7811333.jpg,MonkeyPox
aug/MonkeyPox/aug-_345_5378717.jpg,MonkeyPox
aug/MonkeyPox/aug-_23_9458703.jpg,MonkeyPox
aug/MonkeyPox/aug-_137_8779207.jpg,MonkeyPox
aug/MonkeyPox/aug-_342_1984944.jpg,MonkeyPox
aug/MonkeyPox/aug-_124_6804471.jpg,MonkeyPox
aug/MonkeyPox/aug-_304_3799740.jpg,MonkeyPox
aug/MonkeyPox/aug-_272_8977449.jpg,MonkeyPox
aug/MonkeyPox/aug-_267_9138751.jpg,MonkeyPox
aug/MonkeyPox/aug-_64_8582848.jpg,MonkeyPox
aug/MonkeyPox/aug-_337_7649217.jpg,MonkeyPox
aug/MonkeyPox/aug-_339_2948616.jpg,MonkeyPox
aug/MonkeyPox/aug-_107_7242049.jpg,MonkeyPox
aug/MonkeyPox/aug-_300_5532080.jpg,MonkeyPox
aug/MonkeyPox/aug-_38_889210.jpg,MonkeyPox
aug/MonkeyPox/aug-_37_9363861.jpg,MonkeyPox
aug/MonkeyPox/aug-_15_9977198.jpg,MonkeyPox
aug/MonkeyPox/aug-_103_8026030.jpg,MonkeyPox
aug/MonkeyPox/aug-_321_4225326.jpg,MonkeyPox
aug/MonkeyPox/aug-_19_3291314.jpg,MonkeyPox
aug/MonkeyPox/aug-_28_5617927.jpg,MonkeyPox
aug/MonkeyPox/aug-_68_4331481.jpg,MonkeyPox
aug/MonkeyPox/aug-_312_6591100.jpg,MonkeyPox
aug/MonkeyPox/aug-_14_4482957.jpg,MonkeyPox
aug/MonkeyPox/aug-_343_2465231.jpg,MonkeyPox
aug/MonkeyPox/aug-_80_1792754.jpg,MonkeyPox
aug/MonkeyPox/aug-_94_7445523.jpg,MonkeyPox
aug/MonkeyPox/aug-_172_9446358.jpg,MonkeyPox
aug/MonkeyPox/aug-_167_3506332.jpg,MonkeyPox
aug/MonkeyPox/aug-_247_1995329.jpg,MonkeyPox
aug/MonkeyPox/aug-_61_4510999.jpg,MonkeyPox
aug/MonkeyPox/aug-_346_1559099.jpg,MonkeyPox
aug/MonkeyPox/aug-_145_2690102.jpg,MonkeyPox
aug/MonkeyPox/aug-_91_9181713.jpg,MonkeyPox
aug/MonkeyPox/aug-_70_1273791.jpg,MonkeyPox
aug/MonkeyPox/aug-_355_9925669.jpg,MonkeyPox
aug/MonkeyPox/aug-_348_3500682.jpg,MonkeyPox
aug/MonkeyPox/aug-_354_1532661.jpg,MonkeyPox
aug/MonkeyPox/aug-_235_2715805.jpg,MonkeyPox
aug/MonkeyPox/aug-_79_942665.jpg,MonkeyPox
aug/MonkeyPox/aug-_156_9961976.jpg,MonkeyPox
aug/MonkeyPox/aug-_132_463250.jpg,MonkeyPox
aug/MonkeyPox/aug-_201_7085039.jpg,MonkeyPox
aug/MonkeyPox/aug-_347_7304661.jpg,MonkeyPox
aug/MonkeyPox/aug-_114_1696986.jpg,MonkeyPox
aug/MonkeyPox/aug-_322_2227936.jpg,MonkeyPox
aug/MonkeyPox/aug-_177_4985155.jpg,MonkeyPox
aug/MonkeyPox/aug-_314_2741348.jpg,MonkeyPox
aug/MonkeyPox/aug-_295_4115859.jpg,MonkeyPox
aug/MonkeyPox/aug-_31_7148823.jpg,MonkeyPox
aug/MonkeyPox/aug-_217_9241338.jpg,MonkeyPox
aug/MonkeyPox/aug-_283_983936.jpg,MonkeyPox
aug/MonkeyPox/aug-_21_3085256.jpg,MonkeyPox
aug/MonkeyPox/aug-_137_6669328.jpg,MonkeyPox
aug/MonkeyPox/aug-_95_9494574.jpg,MonkeyPox
aug/MonkeyPox/aug-_159_5442542.jpg,MonkeyPox
aug/MonkeyPox/aug-_71_251501.jpg,MonkeyPox
aug/MonkeyPox/aug-_53_3218786.jpg,MonkeyPox
aug/MonkeyPox/aug-_166_1022101.jpg,MonkeyPox
aug/MonkeyPox/aug-_42_181281.jpg,MonkeyPox
aug/MonkeyPox/aug-_145_8855021.jpg,MonkeyPox
aug/MonkeyPox/aug-_292_3429370.jpg,MonkeyPox
aug/MonkeyPox/aug-_378_5254526.jpg,MonkeyPox
aug/MonkeyPox/aug-_234_8101698.jpg,MonkeyPox
aug/MonkeyPox/aug-_222_1143483.jpg,MonkeyPox
aug/MonkeyPox/aug-_77_3141629.jpg,MonkeyPox
aug/MonkeyPox/aug-_107_961826.jpg,MonkeyPox
aug/MonkeyPox/aug-_141_6527792.jpg,MonkeyPox
aug/MonkeyPox/aug-_94_6968319.jpg,MonkeyPox
aug/MonkeyPox/aug-_320_2512662.jpg,MonkeyPox
aug/MonkeyPox/aug-_123_7776183.jpg,MonkeyPox
aug/MonkeyPox/aug-_327_4946085.jpg,MonkeyPox
aug/MonkeyPox/aug-_110_408190.jpg,MonkeyPox
aug/MonkeyPox/aug-_292_1076898.jpg,MonkeyPox
aug/MonkeyPox/aug-_42_6828953.jpg,MonkeyPox
aug/MonkeyPox/aug-_135_5240274.jpg,MonkeyPox
aug/MonkeyPox/aug-_68_8462280.jpg,MonkeyPox
aug/MonkeyPox/aug-_307_3505715.jpg,MonkeyPox
aug/MonkeyPox/aug-_377_9786386.jpg,MonkeyPox
aug/MonkeyPox/aug-_245_5957037.jpg,MonkeyPox
aug/MonkeyPox/aug-_340_9885052.jpg,MonkeyPox
aug/MonkeyPox/aug-_125_5264625.jpg,MonkeyPox
aug/MonkeyPox/aug-_58_4253451.jpg,MonkeyPox
aug/MonkeyPox/aug-_204_8729413.jpg,MonkeyPox
aug/MonkeyPox/aug-_122_8292498.jpg,MonkeyPox
aug/MonkeyPox/aug-_39_1592650.jpg,MonkeyPox
aug/MonkeyPox/aug-_195_7609224.jpg,MonkeyPox
aug/MonkeyPox/aug-_352_1920200.jpg,MonkeyPox
aug/MonkeyPox/aug-_127_1229054.jpg,MonkeyPox
aug/MonkeyPox/aug-_354_3758459.jpg,MonkeyPox
aug/MonkeyPox/aug-_165_871397.jpg,MonkeyPox
aug/MonkeyPox/aug-_327_8692790.jpg,MonkeyPox
aug/MonkeyPox/aug-_29_2278447.jpg,MonkeyPox
aug/MonkeyPox/aug-_188_3899999.jpg,MonkeyPox
aug/MonkeyPox/aug-_370_6613850.jpg,MonkeyPox
aug/MonkeyPox/aug-_134_7253438.jpg,MonkeyPox
aug/MonkeyPox/aug-_120_5620359.jpg,MonkeyPox
aug/MonkeyPox/aug-_34_5952602.jpg,MonkeyPox
aug/MonkeyPox/aug-_151_6525132.jpg,MonkeyPox
aug/MonkeyPox/aug-_191_6586993.jpg,MonkeyPox
aug/MonkeyPox/aug-_334_3155652.jpg,MonkeyPox
aug/MonkeyPox/aug-_30_8947486.jpg,MonkeyPox
aug/MonkeyPox/aug-_332_7229019.jpg,MonkeyPox
aug/MonkeyPox/aug-_198_6426304.jpg,MonkeyPox
aug/MonkeyPox/aug-_264_9059861.jpg,MonkeyPox
aug/MonkeyPox/aug-_74_1034109.jpg,MonkeyPox
aug/MonkeyPox/aug-_85_2295545.jpg,MonkeyPox
aug/MonkeyPox/aug-_46_9503999.jpg,MonkeyPox
aug/MonkeyPox/aug-_270_6225396.jpg,MonkeyPox
aug/MonkeyPox/aug-_88_9955847.jpg,MonkeyPox
aug/MonkeyPox/aug-_191_9499594.jpg,MonkeyPox
aug/MonkeyPox/aug-_65_5639935.jpg,MonkeyPox
aug/MonkeyPox/aug-_183_6963683.jpg,MonkeyPox
aug/MonkeyPox/aug-_73_5498153.jpg,MonkeyPox
aug/MonkeyPox/aug-_340_8731383.jpg,MonkeyPox
aug/MonkeyPox/aug-_289_4860017.jpg,MonkeyPox
aug/MonkeyPox/aug-_201_6331724.jpg,MonkeyPox
aug/MonkeyPox/aug-_21_6875479.jpg,MonkeyPox
aug/MonkeyPox/aug-_325_2223369.jpg,MonkeyPox
aug/MonkeyPox/aug-_153_6913178.jpg,MonkeyPox
aug/MonkeyPox/aug-_118_5439453.jpg,MonkeyPox
aug/MonkeyPox/aug-_328_2130397.jpg,MonkeyPox
aug/MonkeyPox/aug-_87_3940839.jpg,MonkeyPox
aug/MonkeyPox/aug-_0_5233955.jpg,MonkeyPox
aug/MonkeyPox/aug-_314_7545061.jpg,MonkeyPox
aug/MonkeyPox/aug-_25_8330300.jpg,MonkeyPox
aug/MonkeyPox/aug-_246_5860551.jpg,MonkeyPox
aug/MonkeyPox/aug-_51_5824421.jpg,MonkeyPox
aug/MonkeyPox/aug-_9_8915713.jpg,MonkeyPox
aug/MonkeyPox/aug-_27_8352905.jpg,MonkeyPox
aug/MonkeyPox/aug-_289_9583584.jpg,MonkeyPox
aug/MonkeyPox/aug-_329_6943378.jpg,MonkeyPox
aug/MonkeyPox/aug-_215_305698.jpg,MonkeyPox
aug/MonkeyPox/aug-_5_3779619.jpg,MonkeyPox
aug/MonkeyPox/aug-_86_1738516.jpg,MonkeyPox
aug/MonkeyPox/aug-_232_335819.jpg,MonkeyPox
aug/MonkeyPox/aug-_69_6867257.jpg,MonkeyPox
aug/MonkeyPox/aug-_41_5173463.jpg,MonkeyPox
aug/MonkeyPox/aug-_54_3194707.jpg,MonkeyPox
aug/MonkeyPox/aug-_130_2924017.jpg,MonkeyPox
aug/MonkeyPox/aug-_7_5685316.jpg,MonkeyPox
aug/MonkeyPox/aug-_379_4950980.jpg,MonkeyPox
aug/MonkeyPox/aug-_199_7711054.jpg,MonkeyPox
aug/MonkeyPox/aug-_92_4303148.jpg,MonkeyPox
aug/MonkeyPox/aug-_47_6453870.jpg,MonkeyPox
aug/MonkeyPox/aug-_367_2402746.jpg,MonkeyPox
aug/MonkeyPox/aug-_313_3860565.jpg,MonkeyPox
aug/MonkeyPox/aug-_139_465547.jpg,MonkeyPox
aug/MonkeyPox/aug-_32_3935825.jpg,MonkeyPox
aug/MonkeyPox/aug-_227_3633487.jpg,MonkeyPox
aug/MonkeyPox/aug-_311_3054996.jpg,MonkeyPox
aug/MonkeyPox/aug-_13_4489958.jpg,MonkeyPox
aug/MonkeyPox/aug-_36_3220594.jpg,MonkeyPox
aug/MonkeyPox/aug-_24_2503191.jpg,MonkeyPox
aug/MonkeyPox/aug-_97_9458974.jpg,MonkeyPox
aug/MonkeyPox/aug-_268_7009340.jpg,MonkeyPox
aug/MonkeyPox/aug-_70_3083193.jpg,MonkeyPox
aug/MonkeyPox/aug-_183_5783714.jpg,MonkeyPox
aug/MonkeyPox/aug-_265_7103469.jpg,MonkeyPox
aug/MonkeyPox/aug-_265_5589396.jpg,MonkeyPox
aug/MonkeyPox/aug-_41_6617674.jpg,MonkeyPox
aug/MonkeyPox/aug-_336_2735869.jpg,MonkeyPox
aug/MonkeyPox/aug-_56_7439462.jpg,MonkeyPox
aug/MonkeyPox/aug-_18_2900137.jpg,MonkeyPox
aug/MonkeyPox/aug-_106_7587208.jpg,MonkeyPox
aug/MonkeyPox/aug-_368_9159393.jpg,MonkeyPox
aug/MonkeyPox/aug-_85_2440650.jpg,MonkeyPox
aug/MonkeyPox/aug-_347_4999582.jpg,MonkeyPox
aug/MonkeyPox/aug-_118_376272.jpg,MonkeyPox
aug/MonkeyPox/aug-_278_526011.jpg,MonkeyPox
aug/MonkeyPox/aug-_53_5848236.jpg,MonkeyPox
aug/MonkeyPox/aug-_301_3425480.jpg,MonkeyPox
aug/MonkeyPox/aug-_256_6524930.jpg,MonkeyPox
aug/MonkeyPox/aug-_375_2236415.jpg,MonkeyPox
aug/MonkeyPox/aug-_21_4243505.jpg,MonkeyPox
aug/MonkeyPox/aug-_253_2339380.jpg,MonkeyPox
aug/MonkeyPox/aug-_339_6749856.jpg,MonkeyPox
aug/MonkeyPox/aug-_22_3947579.jpg,MonkeyPox
aug/MonkeyPox/aug-_55_1469332.jpg,MonkeyPox
aug/MonkeyPox/aug-_104_5142021.jpg,MonkeyPox
aug/MonkeyPox/aug-_319_5966591.jpg,MonkeyPox
aug/MonkeyPox/aug-_124_5951190.jpg,MonkeyPox
aug/MonkeyPox/aug-_143_6591024.jpg,MonkeyPox
aug/MonkeyPox/aug-_232_2997104.jpg,MonkeyPox
aug/MonkeyPox/aug-_76_9503371.jpg,MonkeyPox
aug/MonkeyPox/aug-_315_9675394.jpg,MonkeyPox
aug/MonkeyPox/aug-_364_4943970.jpg,MonkeyPox
aug/MonkeyPox/aug-_16_2643102.jpg,MonkeyPox
aug/MonkeyPox/aug-_298_3016749.jpg,MonkeyPox
aug/MonkeyPox/aug-_33_4207942.jpg,MonkeyPox
aug/MonkeyPox/aug-_108_397684.jpg,MonkeyPox
aug/MonkeyPox/aug-_243_6270887.jpg,MonkeyPox
aug/MonkeyPox/aug-_299_7495109.jpg,MonkeyPox
aug/MonkeyPox/aug-_286_8224313.jpg,MonkeyPox
aug/MonkeyPox/aug-_54_1334840.jpg,MonkeyPox
aug/MonkeyPox/aug-_142_5862873.jpg,MonkeyPox
aug/MonkeyPox/aug-_344_5743891.jpg,MonkeyPox
aug/MonkeyPox/aug-_115_9494869.jpg,MonkeyPox
aug/MonkeyPox/aug-_158_9241849.jpg,MonkeyPox
aug/MonkeyPox/aug-_162_2471402.jpg,MonkeyPox
aug/MonkeyPox/aug-_353_478747.jpg,MonkeyPox
aug/MonkeyPox/aug-_171_9348477.jpg,MonkeyPox
aug/MonkeyPox/aug-_335_9853292.jpg,MonkeyPox
aug/MonkeyPox/aug-_263_8702770.jpg,MonkeyPox
aug/MonkeyPox/aug-_43_6602036.jpg,MonkeyPox
aug/MonkeyPox/aug-_324_5339647.jpg,MonkeyPox
aug/MonkeyPox/aug-_18_6720079.jpg,MonkeyPox
aug/MonkeyPox/aug-_230_6953427.jpg,MonkeyPox
aug/MonkeyPox/aug-_112_9058727.jpg,MonkeyPox
aug/MonkeyPox/aug-_311_260920.jpg,MonkeyPox
aug/MonkeyPox/aug-_263_7531627.jpg,MonkeyPox
aug/MonkeyPox/aug-_310_6508572.jpg,MonkeyPox
aug/MonkeyPox/aug-_282_929106.jpg,MonkeyPox
aug/MonkeyPox/aug-_10_7789834.jpg,MonkeyPox
aug/MonkeyPox/aug-_154_6091571.jpg,MonkeyPox
aug/MonkeyPox/aug-_299_8266979.jpg,MonkeyPox
aug/MonkeyPox/aug-_190_6727885.jpg,MonkeyPox
aug/MonkeyPox/aug-_143_5353277.jpg,MonkeyPox
aug/MonkeyPox/aug-_228_5825433.jpg,MonkeyPox
aug/MonkeyPox/aug-_66_2564943.jpg,MonkeyPox
aug/MonkeyPox/aug-_344_8766013.jpg,MonkeyPox
aug/MonkeyPox/aug-_302_2934638.jpg,MonkeyPox
aug/MonkeyPox/aug-_279_7412765.jpg,MonkeyPox
aug/MonkeyPox/aug-_84_954301.jpg,MonkeyPox
aug/MonkeyPox/aug-_365_3945766.jpg,MonkeyPox
aug/MonkeyPox/aug-_214_7467408.jpg,MonkeyPox
aug/MonkeyPox/aug-_208_9685485.jpg,MonkeyPox
aug/MonkeyPox/aug-_179_7580024.jpg,MonkeyPox
aug/MonkeyPox/aug-_79_9615039.jpg,MonkeyPox
aug/MonkeyPox/aug-_369_1982262.jpg,MonkeyPox
aug/MonkeyPox/aug-_160_382597.jpg,MonkeyPox
aug/MonkeyPox/aug-_176_8635230.jpg,MonkeyPox
aug/MonkeyPox/aug-_367_4907968.jpg,MonkeyPox
aug/MonkeyPox/aug-_181_5585151.jpg,MonkeyPox
aug/MonkeyPox/aug-_91_1355358.jpg,MonkeyPox
aug/MonkeyPox/aug-_333_6228751.jpg,MonkeyPox
aug/MonkeyPox/aug-_32_5437275.jpg,MonkeyPox
aug/MonkeyPox/aug-_231_1053019.jpg,MonkeyPox
aug/MonkeyPox/aug-_5_8035132.jpg,MonkeyPox
aug/MonkeyPox/aug-_26_16116.jpg,MonkeyPox
aug/MonkeyPox/aug-_246_8145923.jpg,MonkeyPox
aug/MonkeyPox/aug-_48_3456854.jpg,MonkeyPox
aug/MonkeyPox/aug-_203_4946840.jpg,MonkeyPox
aug/MonkeyPox/aug-_148_7353165.jpg,MonkeyPox
aug/MonkeyPox/aug-_129_4802543.jpg,MonkeyPox
aug/MonkeyPox/aug-_29_5670233.jpg,MonkeyPox
aug/MonkeyPox/aug-_28_1005156.jpg,MonkeyPox
aug/MonkeyPox/aug-_323_4034245.jpg,MonkeyPox
aug/MonkeyPox/aug-_82_6599562.jpg,MonkeyPox
aug/MonkeyPox/aug-_135_180857.jpg,MonkeyPox
aug/MonkeyPox/aug-_40_6700431.jpg,MonkeyPox
aug/MonkeyPox/aug-_380_2506526.jpg,MonkeyPox
aug/MonkeyPox/aug-_200_1520027.jpg,MonkeyPox
aug/MonkeyPox/aug-_213_5203318.jpg,MonkeyPox
aug/MonkeyPox/aug-_211_4367041.jpg,MonkeyPox
aug/MonkeyPox/aug-_276_5768131.jpg,MonkeyPox
aug/MonkeyPox/aug-_45_7572312.jpg,MonkeyPox
aug/MonkeyPox/aug-_92_7497449.jpg,MonkeyPox
aug/MonkeyPox/aug-_34_7529542.jpg,MonkeyPox
aug/MonkeyPox/aug-_169_9307616.jpg,MonkeyPox
aug/MonkeyPox/aug-_229_3926720.jpg,MonkeyPox
aug/MonkeyPox/aug-_249_6761550.jpg,MonkeyPox
aug/MonkeyPox/aug-_149_763414.jpg,MonkeyPox
aug/MonkeyPox/aug-_301_685851.jpg,MonkeyPox
aug/MonkeyPox/aug-_362_3727590.jpg,MonkeyPox
aug/MonkeyPox/aug-_198_2900848.jpg,MonkeyPox
aug/MonkeyPox/aug-_4_9636868.jpg,MonkeyPox
aug/MonkeyPox/aug-_358_7414006.jpg,MonkeyPox
aug/MonkeyPox/aug-_112_2004995.jpg,MonkeyPox
aug/MonkeyPox/aug-_202_6452948.jpg,MonkeyPox
aug/MonkeyPox/aug-_342_6194635.jpg,MonkeyPox
aug/MonkeyPox/aug-_23_9503691.jpg,MonkeyPox
aug/MonkeyPox/aug-_357_9148427.jpg,MonkeyPox
aug/MonkeyPox/aug-_334_6548448.jpg,MonkeyPox
aug/MonkeyPox/aug-_280_8769202.jpg,MonkeyPox
aug/MonkeyPox/aug-_203_4668934.jpg,MonkeyPox
aug/MonkeyPox/aug-_379_1114644.jpg,MonkeyPox
aug/MonkeyPox/aug-_341_5412544.jpg,MonkeyPox
aug/MonkeyPox/aug-_258_1108919.jpg,MonkeyPox
aug/MonkeyPox/aug-_185_7514548.jpg,MonkeyPox
aug/MonkeyPox/aug-_82_4249901.jpg,MonkeyPox
aug/MonkeyPox/aug-_350_582759.jpg,MonkeyPox
aug/MonkeyPox/aug-_282_2578731.jpg,MonkeyPox
aug/MonkeyPox/aug-_158_9646127.jpg,MonkeyPox
aug/MonkeyPox/aug-_270_8294838.jpg,MonkeyPox
aug/MonkeyPox/aug-_231_3780297.jpg,MonkeyPox
aug/MonkeyPox/aug-_88_7084013.jpg,MonkeyPox
aug/MonkeyPox/aug-_126_5466957.jpg,MonkeyPox
aug/MonkeyPox/aug-_290_2279579.jpg,MonkeyPox
aug/MonkeyPox/aug-_96_7962659.jpg,MonkeyPox
aug/MonkeyPox/aug-_171_4767102.jpg,MonkeyPox
aug/MonkeyPox/aug-_178_6454532.jpg,MonkeyPox
aug/MonkeyPox/aug-_332_1965923.jpg,MonkeyPox
aug/MonkeyPox/aug-_349_5165154.jpg,MonkeyPox
aug/MonkeyPox/aug-_32_3732666.jpg,MonkeyPox
aug/MonkeyPox/aug-_14_9469747.jpg,MonkeyPox
aug/MonkeyPox/aug-_194_8214144.jpg,MonkeyPox
aug/MonkeyPox/aug-_220_8498681.jpg,MonkeyPox
aug/MonkeyPox/aug-_326_6259518.jpg,MonkeyPox
aug/MonkeyPox/aug-_10_7681741.jpg,MonkeyPox
aug/MonkeyPox/aug-_76_6319191.jpg,MonkeyPox
aug/MonkeyPox/aug-_294_5939361.jpg,MonkeyPox
aug/MonkeyPox/aug-_261_5061180.jpg,MonkeyPox
aug/MonkeyPox/aug-_303_3437983.jpg,MonkeyPox
aug/MonkeyPox/aug-_146_7266382.jpg,MonkeyPox
aug/MonkeyPox/aug-_150_3202739.jpg,MonkeyPox
aug/MonkeyPox/aug-_18_2849558.jpg,MonkeyPox
aug/MonkeyPox/aug-_60_66133.jpg,MonkeyPox
aug/MonkeyPox/aug-_310_4072443.jpg,MonkeyPox
aug/MonkeyPox/aug-_370_1318503.jpg,MonkeyPox
aug/MonkeyPox/aug-_31_7745558.jpg,MonkeyPox
aug/MonkeyPox/aug-_150_1632845.jpg,MonkeyPox
aug/MonkeyPox/aug-_20_3033330.jpg,MonkeyPox
aug/MonkeyPox/aug-_49_6968948.jpg,MonkeyPox
aug/MonkeyPox/aug-_152_6726138.jpg,MonkeyPox
aug/MonkeyPox/aug-_174_625494.jpg,MonkeyPox
aug/MonkeyPox/aug-_100_5827017.jpg,MonkeyPox
aug/MonkeyPox/aug-_323_4147806.jpg,MonkeyPox
aug/MonkeyPox/aug-_331_9158630.jpg,MonkeyPox
aug/MonkeyPox/aug-_197_4819083.jpg,MonkeyPox
aug/MonkeyPox/aug-_318_2464172.jpg,MonkeyPox
aug/MonkeyPox/aug-_163_7624046.jpg,MonkeyPox
aug/MonkeyPox/aug-_113_3005739.jpg,MonkeyPox
aug/MonkeyPox/aug-_260_6668938.jpg,MonkeyPox
aug/MonkeyPox/aug-_33_9686873.jpg,MonkeyPox
aug/MonkeyPox/aug-_116_4047576.jpg,MonkeyPox
aug/MonkeyPox/aug-_249_2458717.jpg,MonkeyPox
aug/MonkeyPox/aug-_252_9401733.jpg,MonkeyPox
aug/MonkeyPox/aug-_307_5742037.jpg,MonkeyPox
aug/MonkeyPox/aug-_273_1660494.jpg,MonkeyPox
aug/MonkeyPox/aug-_251_7190637.jpg,MonkeyPox
aug/MonkeyPox/aug-_275_8359475.jpg,MonkeyPox
aug/MonkeyPox/aug-_136_189839.jpg,MonkeyPox
aug/MonkeyPox/aug-_1_3023782.jpg,MonkeyPox
aug/MonkeyPox/aug-_222_638126.jpg,MonkeyPox
aug/MonkeyPox/aug-_8_7673291.jpg,MonkeyPox
aug/MonkeyPox/aug-_132_2408095.jpg,MonkeyPox
aug/MonkeyPox/aug-_254_8848138.jpg,MonkeyPox
aug/MonkeyPox/aug-_31_8899178.jpg,MonkeyPox
aug/MonkeyPox/aug-_138_7391172.jpg,MonkeyPox
aug/MonkeyPox/aug-_178_7762057.jpg,MonkeyPox
aug/MonkeyPox/aug-_326_4280799.jpg,MonkeyPox
aug/MonkeyPox/aug-_74_3447165.jpg,MonkeyPox
aug/MonkeyPox/aug-_247_1320251.jpg,MonkeyPox
aug/MonkeyPox/aug-_37_8394222.jpg,MonkeyPox
aug/MonkeyPox/aug-_3_6105391.jpg,MonkeyPox
aug/MonkeyPox/aug-_295_5310356.jpg,MonkeyPox
aug/MonkeyPox/aug-_39_2673625.jpg,MonkeyPox
aug/MonkeyPox/aug-_281_8810011.jpg,MonkeyPox
aug/MonkeyPox/aug-_365_8996226.jpg,MonkeyPox
aug/MonkeyPox/aug-_8_26342.jpg,MonkeyPox
aug/MonkeyPox/aug-_146_5104249.jpg,MonkeyPox
aug/MonkeyPox/aug-_272_4054217.jpg,MonkeyPox
aug/MonkeyPox/aug-_218_8255655.jpg,MonkeyPox
aug/MonkeyPox/aug-_362_2291304.jpg,MonkeyPox
aug/MonkeyPox/aug-_252_4239767.jpg,MonkeyPox
aug/MonkeyPox/aug-_115_9694062.jpg,MonkeyPox
aug/MonkeyPox/aug-_11_5990539.jpg,MonkeyPox
aug/MonkeyPox/aug-_259_9439864.jpg,MonkeyPox
aug/MonkeyPox/aug-_89_6915524.jpg,MonkeyPox
aug/MonkeyPox/aug-_228_8228567.jpg,MonkeyPox
aug/MonkeyPox/aug-_39_8439041.jpg,MonkeyPox
aug/MonkeyPox/aug-_204_9800822.jpg,MonkeyPox
aug/MonkeyPox/aug-_235_3978445.jpg,MonkeyPox
aug/MonkeyPox/aug-_236_1820088.jpg,MonkeyPox
aug/MonkeyPox/aug-_346_689737.jpg,MonkeyPox
aug/MonkeyPox/aug-_381_4925831.jpg,MonkeyPox
aug/MonkeyPox/aug-_229_2007600.jpg,MonkeyPox
aug/MonkeyPox/aug-_378_6375801.jpg,MonkeyPox
aug/MonkeyPox/aug-_356_5307779.jpg,MonkeyPox
aug/MonkeyPox/aug-_72_6888130.jpg,MonkeyPox
aug/MonkeyPox/aug-_184_933049.jpg,MonkeyPox
aug/MonkeyPox/aug-_336_4951953.jpg,MonkeyPox
aug/MonkeyPox/aug-_49_8540854.jpg,MonkeyPox
aug/MonkeyPox/aug-_243_5191697.jpg,MonkeyPox
aug/MonkeyPox/aug-_67_6409798.jpg,MonkeyPox
aug/MonkeyPox/aug-_333_958734.jpg,MonkeyPox
aug/MonkeyPox/aug-_300_8663945.jpg,MonkeyPox
aug/MonkeyPox/aug-_302_992614.jpg,MonkeyPox
aug/MonkeyPox/aug-_163_2120280.jpg,MonkeyPox
aug/MonkeyPox/aug-_144_7059973.jpg,MonkeyPox
aug/MonkeyPox/aug-_157_374620.jpg,MonkeyPox
aug/MonkeyPox/aug-_142_2552055.jpg,MonkeyPox
aug/MonkeyPox/aug-_304_489921.jpg,MonkeyPox
aug/MonkeyPox/aug-_67_7438166.jpg,MonkeyPox
aug/MonkeyPox/aug-_120_9032631.jpg,MonkeyPox
aug/MonkeyPox/aug-_59_8109536.jpg,MonkeyPox
aug/MonkeyPox/aug-_226_3329765.jpg,MonkeyPox
aug/MonkeyPox/aug-_312_4619114.jpg,MonkeyPox
aug/MonkeyPox/aug-_30_9775743.jpg,MonkeyPox
aug/MonkeyPox/aug-_73_927008.jpg,MonkeyPox
aug/MonkeyPox/aug-_123_514059.jpg,MonkeyPox
aug/MonkeyPox/aug-_216_4028386.jpg,MonkeyPox
aug/MonkeyPox/aug-_294_4299233.jpg,MonkeyPox
aug/MonkeyPox/aug-_26_157617.jpg,MonkeyPox
aug/MonkeyPox/aug-_356_997505.jpg,MonkeyPox
aug/MonkeyPox/aug-_257_9004841.jpg,MonkeyPox
aug/MonkeyPox/aug-_41_568373.jpg,MonkeyPox
aug/MonkeyPox/aug-_185_5753895.jpg,MonkeyPox
aug/MonkeyPox/aug-_179_3627127.jpg,MonkeyPox
aug/MonkeyPox/aug-_26_9934208.jpg,MonkeyPox
aug/MonkeyPox/aug-_372_3121400.jpg,MonkeyPox
aug/MonkeyPox/aug-_250_8716404.jpg,MonkeyPox
aug/MonkeyPox/aug-_351_614557.jpg,MonkeyPox
aug/MonkeyPox/aug-_57_4089751.jpg,MonkeyPox
aug/MonkeyPox/aug-_276_7797508.jpg,MonkeyPox
aug/MonkeyPox/aug-_303_9641543.jpg,MonkeyPox
aug/MonkeyPox/aug-_348_2147211.jpg,MonkeyPox
aug/MonkeyPox/aug-_212_5488228.jpg,MonkeyPox
aug/MonkeyPox/aug-_154_917805.jpg,MonkeyPox
aug/MonkeyPox/aug-_16_9165219.jpg,MonkeyPox
aug/MonkeyPox/aug-_0_4327928.jpg,MonkeyPox
aug/MonkeyPox/aug-_194_4382128.jpg,MonkeyPox
aug/MonkeyPox/aug-_96_1580055.jpg,MonkeyPox
aug/MonkeyPox/aug-_134_1207927.jpg,MonkeyPox
aug/MonkeyPox/aug-_34_6357809.jpg,MonkeyPox
aug/MonkeyPox/aug-_209_1096195.jpg,MonkeyPox
aug/MonkeyPox/aug-_37_5946819.jpg,MonkeyPox
aug/MonkeyPox/aug-_180_4221679.jpg,MonkeyPox
aug/MonkeyPox/aug-_52_6732767.jpg,MonkeyPox
aug/MonkeyPox/aug-_9_7593393.jpg,MonkeyPox
aug/MonkeyPox/aug-_170_1028305.jpg,MonkeyPox
aug/MonkeyPox/aug-_63_612827.jpg,MonkeyPox
aug/MonkeyPox/aug-_363_5420551.jpg,MonkeyPox
aug/MonkeyPox/aug-_52_3189305.jpg,MonkeyPox
aug/MonkeyPox/aug-_305_1566643.jpg,MonkeyPox
aug/MonkeyPox/aug-_255_5910757.jpg,MonkeyPox
aug/MonkeyPox/aug-_248_2494204.jpg,MonkeyPox
aug/MonkeyPox/aug-_72_9295863.jpg,MonkeyPox
aug/MonkeyPox/aug-_214_2861354.jpg,MonkeyPox
aug/MonkeyPox/aug-_315_336169.jpg,MonkeyPox
aug/MonkeyPox/aug-_237_2472759.jpg,MonkeyPox
aug/MonkeyPox/aug-_169_734155.jpg,MonkeyPox
aug/MonkeyPox/aug-_297_8043439.jpg,MonkeyPox
aug/MonkeyPox/aug-_153_8168357.jpg,MonkeyPox
aug/MonkeyPox/aug-_16_2103613.jpg,MonkeyPox
aug/MonkeyPox/aug-_189_7377370.jpg,MonkeyPox
aug/MonkeyPox/aug-_316_5666615.jpg,MonkeyPox
aug/MonkeyPox/aug-_239_8558997.jpg,MonkeyPox
aug/MonkeyPox/aug-_168_7431976.jpg,MonkeyPox
aug/MonkeyPox/aug-_212_1745504.jpg,MonkeyPox
aug/MonkeyPox/aug-_19_2067271.jpg,MonkeyPox
aug/MonkeyPox/aug-_99_4100202.jpg,MonkeyPox
aug/MonkeyPox/aug-_35_2501084.jpg,MonkeyPox
aug/MonkeyPox/aug-_84_3746590.jpg,MonkeyPox
aug/MonkeyPox/aug-_210_9885044.jpg,MonkeyPox
aug/MonkeyPox/aug-_7_7322080.jpg,MonkeyPox
aug/MonkeyPox/aug-_322_44675.jpg,MonkeyPox
aug/MonkeyPox/aug-_45_7307225.jpg,MonkeyPox
aug/MonkeyPox/aug-_131_3757397.jpg,MonkeyPox
aug/MonkeyPox/aug-_12_2895739.jpg,MonkeyPox
aug/MonkeyPox/aug-_22_4119160.jpg,MonkeyPox
aug/MonkeyPox/aug-_236_4367953.jpg,MonkeyPox
aug/MonkeyPox/aug-_47_6052842.jpg,MonkeyPox
aug/MonkeyPox/aug-_50_3279399.jpg,MonkeyPox
aug/MonkeyPox/aug-_95_4108286.jpg,MonkeyPox
aug/MonkeyPox/aug-_359_3453274.jpg,MonkeyPox
aug/MonkeyPox/aug-_83_2608275.jpg,MonkeyPox
aug/MonkeyPox/aug-_166_9778664.jpg,MonkeyPox
aug/MonkeyPox/aug-_121_7614555.jpg,MonkeyPox
aug/MonkeyPox/aug-_103_5950169.jpg,MonkeyPox
aug/MonkeyPox/aug-_110_9087910.jpg,MonkeyPox
aug/MonkeyPox/aug-_11_8948109.jpg,MonkeyPox
aug/MonkeyPox/aug-_161_2246911.jpg,MonkeyPox
aug/MonkeyPox/aug-_130_8310548.jpg,MonkeyPox
aug/MonkeyPox/aug-_44_5676207.jpg,MonkeyPox
aug/MonkeyPox/aug-_351_6411773.jpg,MonkeyPox
aug/MonkeyPox/aug-_319_8893277.jpg,MonkeyPox
aug/MonkeyPox/aug-_20_2394070.jpg,MonkeyPox
aug/MonkeyPox/aug-_155_6443019.jpg,MonkeyPox
aug/MonkeyPox/aug-_4_9423180.jpg,MonkeyPox
aug/MonkeyPox/aug-_373_5323107.jpg,MonkeyPox
aug/MonkeyPox/aug-_364_4856179.jpg,MonkeyPox
aug/MonkeyPox/aug-_253_8765005.jpg,MonkeyPox
aug/MonkeyPox/aug-_98_306442.jpg,MonkeyPox
aug/MonkeyPox/aug-_193_4033253.jpg,MonkeyPox
aug/MonkeyPox/aug-_90_6880471.jpg,MonkeyPox
aug/MonkeyPox/aug-_164_8497098.jpg,MonkeyPox
aug/MonkeyPox/aug-_87_177205.jpg,MonkeyPox
aug/MonkeyPox/aug-_360_9664731.jpg,MonkeyPox
aug/MonkeyPox/aug-_286_9721009.jpg,MonkeyPox
aug/MonkeyPox/aug-_213_3886168.jpg,MonkeyPox
aug/MonkeyPox/aug-_29_2153162.jpg,MonkeyPox
aug/MonkeyPox/aug-_181_3891085.jpg,MonkeyPox
aug/MonkeyPox/aug-_12_3286880.jpg,MonkeyPox
aug/MonkeyPox/aug-_380_9812325.jpg,MonkeyPox
aug/MonkeyPox/aug-_208_7077947.jpg,MonkeyPox
aug/MonkeyPox/aug-_328_4545122.jpg,MonkeyPox
aug/MonkeyPox/aug-_61_8213515.jpg,MonkeyPox
aug/MonkeyPox/aug-_206_1140247.jpg,MonkeyPox
aug/MonkeyPox/aug-_46_8701418.jpg,MonkeyPox
aug/MonkeyPox/aug-_224_5370576.jpg,MonkeyPox
aug/MonkeyPox/aug-_149_4893623.jpg,MonkeyPox
aug/MonkeyPox/aug-_373_1313899.jpg,MonkeyPox
aug/MonkeyPox/aug-_22_5338353.jpg,MonkeyPox
aug/MonkeyPox/aug-_205_8106074.jpg,MonkeyPox
aug/MonkeyPox/aug-_28_1975676.jpg,MonkeyPox
aug/MonkeyPox/aug-_251_3708149.jpg,MonkeyPox
aug/MonkeyPox/aug-_36_5839148.jpg,MonkeyPox
aug/MonkeyPox/aug-_264_5969938.jpg,MonkeyPox
aug/MonkeyPox/aug-_284_4451609.jpg,MonkeyPox
aug/MonkeyPox/aug-_287_1848482.jpg,MonkeyPox
aug/MonkeyPox/aug-_267_5256850.jpg,MonkeyPox
aug/MonkeyPox/aug-_192_4121620.jpg,MonkeyPox
aug/MonkeyPox/aug-_274_3139959.jpg,MonkeyPox
aug/MonkeyPox/aug-_245_8378716.jpg,MonkeyPox
aug/MonkeyPox/aug-_209_2824388.jpg,MonkeyPox
aug/MonkeyPox/aug-_35_3898541.jpg,MonkeyPox
aug/MonkeyPox/aug-_114_6284257.jpg,MonkeyPox
aug/MonkeyPox/aug-_6_4655845.jpg,MonkeyPox
aug/MonkeyPox/aug-_17_9501322.jpg,MonkeyPox
aug/MonkeyPox/aug-_238_197284.jpg,MonkeyPox
aug/MonkeyPox/aug-_376_5359581.jpg,MonkeyPox
aug/MonkeyPox/aug-_215_7129451.jpg,MonkeyPox
aug/MonkeyPox/aug-_227_8768829.jpg,MonkeyPox
aug/MonkeyPox/aug-_133_3271340.jpg,MonkeyPox
aug/MonkeyPox/aug-_109_9583800.jpg,MonkeyPox
aug/MonkeyPox/aug-_242_3585452.jpg,MonkeyPox
aug/MonkeyPox/aug-_186_6672031.jpg,MonkeyPox
aug/MonkeyPox/aug-_173_6464015.jpg,MonkeyPox
aug/MonkeyPox/aug-_200_4556317.jpg,MonkeyPox
aug/MonkeyPox/aug-_368_9375379.jpg,MonkeyPox
aug/MonkeyPox/aug-_285_9674889.jpg,MonkeyPox
aug/MonkeyPox/aug-_71_4717887.jpg,MonkeyPox
aug/MonkeyPox/aug-_358_1242771.jpg,MonkeyPox
aug/MonkeyPox/aug-_126_3504852.jpg,MonkeyPox
aug/MonkeyPox/aug-_240_42093.jpg,MonkeyPox
aug/MonkeyPox/aug-_83_3062095.jpg,MonkeyPox
aug/MonkeyPox/aug-_50_8929496.jpg,MonkeyPox
aug/MonkeyPox/aug-_343_3440675.jpg,MonkeyPox
aug/MonkeyPox/aug-_274_7780402.jpg,MonkeyPox
aug/MonkeyPox/aug-_349_5050582.jpg,MonkeyPox
aug/MonkeyPox/aug-_69_4282897.jpg,MonkeyPox
aug/MonkeyPox/aug-_278_2215500.jpg,MonkeyPox
aug/MonkeyPox/aug-_374_2492434.jpg,MonkeyPox
aug/MonkeyPox/aug-_93_7638425.jpg,MonkeyPox
aug/MonkeyPox/aug-_239_5402180.jpg,MonkeyPox
aug/MonkeyPox/aug-_259_9944185.jpg,MonkeyPox
aug/MonkeyPox/aug-_13_1018999.jpg,MonkeyPox
aug/MonkeyPox/aug-_140_8494918.jpg,MonkeyPox
aug/MonkeyPox/aug-_127_2215393.jpg,MonkeyPox
aug/MonkeyPox/aug-_102_9125563.jpg,MonkeyPox
aug/MonkeyPox/aug-_0_4973210.jpg,MonkeyPox
aug/MonkeyPox/aug-_284_5604834.jpg,MonkeyPox
aug/MonkeyPox/aug-_269_941720.jpg,MonkeyPox
aug/MonkeyPox/aug-_133_7887103.jpg,MonkeyPox
aug/MonkeyPox/aug-_255_4048020.jpg,MonkeyPox
aug/MonkeyPox/aug-_167_7037415.jpg,MonkeyPox
aug/MonkeyPox/aug-_131_333669.jpg,MonkeyPox
aug/MonkeyPox/aug-_101_2476305.jpg,MonkeyPox
aug/MonkeyPox/aug-_27_3852780.jpg,MonkeyPox
aug/MonkeyPox/aug-_129_6169523.jpg,MonkeyPox
aug/MonkeyPox/aug-_345_9130819.jpg,MonkeyPox
aug/MonkeyPox/aug-_168_7743613.jpg,MonkeyPox
aug/MonkeyPox/aug-_210_2932081.jpg,MonkeyPox
aug/MonkeyPox/aug-_56_8150595.jpg,MonkeyPox
aug/MonkeyPox/aug-_187_6107717.jpg,MonkeyPox
aug/MonkeyPox/aug-_281_8576663.jpg,MonkeyPox
aug/MonkeyPox/aug-_38_2770523.jpg,MonkeyPox
aug/MonkeyPox/aug-_55_8250531.jpg,MonkeyPox
aug/MonkeyPox/aug-_216_2044013.jpg,MonkeyPox
aug/MonkeyPox/aug-_329_3537520.jpg,MonkeyPox
aug/MonkeyPox/aug-_371_2778725.jpg,MonkeyPox
aug/MonkeyPox/aug-_266_9974409.jpg,MonkeyPox
aug/MonkeyPox/aug-_27_7116107.jpg,MonkeyPox
aug/MonkeyPox/aug-_66_7482805.jpg,MonkeyPox
aug/MonkeyPox/aug-_242_8871422.jpg,MonkeyPox
aug/MonkeyPox/aug-_338_8329089.jpg,MonkeyPox
aug/MonkeyPox/aug-_234_3101030.jpg,MonkeyPox
aug/MonkeyPox/aug-_374_1479730.jpg,MonkeyPox
aug/MonkeyPox/aug-_10_1311442.jpg,MonkeyPox
aug/MonkeyPox/aug-_165_8484403.jpg,MonkeyPox
aug/MonkeyPox/aug-_64_5413550.jpg,MonkeyPox
aug/MonkeyPox/aug-_100_7873260.jpg,MonkeyPox
aug/MonkeyPox/aug-_177_6935982.jpg,MonkeyPox
aug/MonkeyPox/aug-_335_3309300.jpg,MonkeyPox
aug/MonkeyPox/aug-_217_632311.jpg,MonkeyPox
aug/MonkeyPox/aug-_5_5439288.jpg,MonkeyPox
aug/MonkeyPox/aug-_241_5294309.jpg,MonkeyPox
aug/MonkeyPox/aug-_90_4545549.jpg,MonkeyPox
aug/MonkeyPox/aug-_190_9080287.jpg,MonkeyPox
aug/MonkeyPox/aug-_275_9332665.jpg,MonkeyPox
aug/MonkeyPox/aug-_256_6873809.jpg,MonkeyPox
aug/MonkeyPox/aug-_48_5117424.jpg,MonkeyPox
aug/MonkeyPox/aug-_30_6454926.jpg,MonkeyPox
aug/MonkeyPox/aug-_205_9617695.jpg,MonkeyPox
aug/MonkeyPox/aug-_237_8902056.jpg,MonkeyPox
aug/MonkeyPox/aug-_9_8605757.jpg,MonkeyPox
aug/MonkeyPox/aug-_321_4635631.jpg,MonkeyPox
aug/MonkeyPox/aug-_116_9872770.jpg,MonkeyPox
aug/MonkeyPox/aug-_361_1460052.jpg,MonkeyPox
aug/MonkeyPox/aug-_128_2764627.jpg,MonkeyPox
aug/MonkeyPox/aug-_81_127983.jpg,MonkeyPox
aug/MonkeyPox/aug-_186_6879399.jpg,MonkeyPox
aug/MonkeyPox/aug-_199_7858566.jpg,MonkeyPox
aug/MonkeyPox/aug-_280_6183917.jpg,MonkeyPox
aug/MonkeyPox/aug-_6_3545526.jpg,MonkeyPox
aug/MonkeyPox/aug-_113_9036927.jpg,MonkeyPox
aug/MonkeyPox/aug-_277_6730646.jpg,MonkeyPox
aug/MonkeyPox/aug-_98_1051942.jpg,MonkeyPox
aug/MonkeyPox/aug-_15_616424.jpg,MonkeyPox
aug/MonkeyPox/aug-_4_4344295.jpg,MonkeyPox
aug/MonkeyPox/aug-_317_5480789.jpg,MonkeyPox
aug/MonkeyPox/aug-_81_8318909.jpg,MonkeyPox
aug/MonkeyPox/aug-_260_618095.jpg,MonkeyPox
aug/MonkeyPox/aug-_193_137827.jpg,MonkeyPox
aug/MonkeyPox/aug-_86_1518385.jpg,MonkeyPox
aug/MonkeyPox/aug-_313_3849691.jpg,MonkeyPox
aug/MonkeyPox/aug-_306_2160672.jpg,MonkeyPox
aug/MonkeyPox/aug-_187_8288178.jpg,MonkeyPox
aug/MonkeyPox/aug-_33_1870029.jpg,MonkeyPox
aug/MonkeyPox/aug-_102_4305745.jpg,MonkeyPox
aug/MonkeyPox/aug-_219_7724095.jpg,MonkeyPox
aug/MonkeyPox/aug-_50_8774769.jpg,MonkeyPox
aug/MonkeyPox/aug-_248_5320609.jpg,MonkeyPox
aug/MonkeyPox/aug-_13_4264943.jpg,MonkeyPox
aug/MonkeyPox/aug-_308_9639530.jpg,MonkeyPox
aug/MonkeyPox/aug-_121_1684631.jpg,MonkeyPox
aug/MonkeyPox/aug-_46_9528665.jpg,MonkeyPox
aug/MonkeyPox/aug-_230_6260507.jpg,MonkeyPox
aug/MonkeyPox/aug-_189_2294559.jpg,MonkeyPox
aug/MonkeyPox/aug-_318_2016124.jpg,MonkeyPox
aug/MonkeyPox/aug-_99_1779694.jpg,MonkeyPox
aug/MonkeyPox/aug-_244_8633525.jpg,MonkeyPox
aug/MonkeyPox/aug-_3_3301876.jpg,MonkeyPox
aug/MonkeyPox/aug-_141_6518684.jpg,MonkeyPox
aug/MonkeyPox/aug-_139_7737056.jpg,MonkeyPox
aug/MonkeyPox/aug-_353_6811346.jpg,MonkeyPox
aug/MonkeyPox/aug-_226_6947932.jpg,MonkeyPox
aug/MonkeyPox/aug-_360_2892818.jpg,MonkeyPox
aug/MonkeyPox/aug-_184_3596695.jpg,MonkeyPox
aug/MonkeyPox/aug-_57_7232678.jpg,MonkeyPox
aug/MonkeyPox/aug-_42_8453028.jpg,MonkeyPox
aug/MonkeyPox/aug-_140_2367134.jpg,MonkeyPox
aug/MonkeyPox/aug-_43_5271585.jpg,MonkeyPox
aug/MonkeyPox/aug-_164_4343803.jpg,MonkeyPox
aug/MonkeyPox/aug-_182_8037806.jpg,MonkeyPox
aug/MonkeyPox/aug-_202_3176208.jpg,MonkeyPox
aug/MonkeyPox/aug-_49_8385514.jpg,MonkeyPox
aug/MonkeyPox/aug-_352_4164186.jpg,MonkeyPox
aug/MonkeyPox/aug-_175_4893673.jpg,MonkeyPox
aug/MonkeyPox/aug-_338_3243620.jpg,MonkeyPox
aug/MonkeyPox/aug-_290_2345149.jpg,MonkeyPox
aug/MonkeyPox/aug-_11_7475189.jpg,MonkeyPox
aug/MonkeyPox/aug-_331_6765295.jpg,MonkeyPox
aug/MonkeyPox/aug-_238_5086819.jpg,MonkeyPox
aug/MonkeyPox/aug-_174_3545853.jpg,MonkeyPox
aug/MonkeyPox/aug-_7_439136.jpg,MonkeyPox
aug/MonkeyPox/aug-_271_3856276.jpg,MonkeyPox
aug/MonkeyPox/aug-_224_2527107.jpg,MonkeyPox
aug/MonkeyPox/aug-_250_9551959.jpg,MonkeyPox
aug/MonkeyPox/aug-_75_5383407.jpg,MonkeyPox
aug/MonkeyPox/aug-_3_8192829.jpg,MonkeyPox
aug/MonkeyPox/aug-_182_5936751.jpg,MonkeyPox
aug/MonkeyPox/aug-_48_601199.jpg,MonkeyPox
aug/MonkeyPox/aug-_220_9346491.jpg,MonkeyPox
aug/MonkeyPox/aug-_337_9510473.jpg,MonkeyPox
aug/MonkeyPox/aug-_157_4264741.jpg,MonkeyPox
aug/MonkeyPox/aug-_24_9905365.jpg,MonkeyPox
aug/MonkeyPox/aug-_47_5590747.jpg,MonkeyPox
aug/MonkeyPox/aug-_283_9452291.jpg,MonkeyPox
aug/MonkeyPox/aug-_63_4254679.jpg,MonkeyPox
aug/MonkeyPox/aug-_176_2401436.jpg,MonkeyPox
aug/MonkeyPox/aug-_101_6125102.jpg,MonkeyPox
aug/MonkeyPox/aug-_288_8085364.jpg,MonkeyPox
aug/MonkeyPox/aug-_271_7351217.jpg,MonkeyPox
aug/MonkeyPox/aug-_296_440621.jpg,MonkeyPox
aug/MonkeyPox/aug-_241_6197101.jpg,MonkeyPox
aug/MonkeyPox/aug-_17_9457768.jpg,MonkeyPox
aug/MonkeyPox/aug-_233_4887485.jpg,MonkeyPox
aug/MonkeyPox/aug-_341_4385715.jpg,MonkeyPox
aug/MonkeyPox/aug-_377_2822578.jpg,MonkeyPox
aug/MonkeyPox/aug-_24_3885374.jpg,MonkeyPox
aug/MonkeyPox/aug-_19_8639400.jpg,MonkeyPox
aug/MonkeyPox/aug-_15_3759289.jpg,MonkeyPox
aug/MonkeyPox/aug-_287_398460.jpg,MonkeyPox
aug/MonkeyPox/aug-_375_8993476.jpg,MonkeyPox
aug/MonkeyPox/aug-_180_5223042.jpg,MonkeyPox
aug/MonkeyPox/aug-_172_3199139.jpg,MonkeyPox
aug/MonkeyPox/aug-_244_2984658.jpg,MonkeyPox
aug/MonkeyPox/aug-_219_3969875.jpg,MonkeyPox
aug/MonkeyPox/aug-_381_6154178.jpg,MonkeyPox
aug/MonkeyPox/aug-_156_5650249.jpg,MonkeyPox
aug/MonkeyPox/aug-_325_5884361.jpg,MonkeyPox
aug/MonkeyPox/aug-_40_8680479.jpg,MonkeyPox
aug/MonkeyPox/aug-_151_3194082.jpg,MonkeyPox
aug/MonkeyPox/aug-_196_7223801.jpg,MonkeyPox
aug/MonkeyPox/aug-_305_8583351.jpg,MonkeyPox
aug/MonkeyPox/aug-_262_4180169.jpg,MonkeyPox
aug/MonkeyPox/aug-_355_7802816.jpg,MonkeyPox
aug/MonkeyPox/aug-_308_3537058.jpg,MonkeyPox
aug/MonkeyPox/aug-_160_153511.jpg,MonkeyPox
aug/MonkeyPox/aug-_298_5021643.jpg,MonkeyPox
aug/MonkeyPox/aug-_136_3633996.jpg,MonkeyPox
aug/MonkeyPox/aug-_359_6279256.jpg,MonkeyPox
aug/MonkeyPox/aug-_324_3672709.jpg,MonkeyPox
aug/MonkeyPox/aug-_51_9308953.jpg,MonkeyPox
aug/MonkeyPox/aug-_330_3379627.jpg,MonkeyPox
aug/MonkeyPox/aug-_221_5694270.jpg,MonkeyPox
aug/MonkeyPox/aug-_161_895683.jpg,MonkeyPox
aug/MonkeyPox/aug-_206_9251420.jpg,MonkeyPox
aug/MonkeyPox/aug-_152_8334580.jpg,MonkeyPox
aug/MonkeyPox/aug-_52_1658559.jpg,MonkeyPox
aug/NonMonkeyPox/aug-_28_4107033.jpg,NonMonkeyPox
aug/NonMonkeyPox/aug-_159_1222510.jpg,NonMonkeyPox
aug/NonMonkeyPox/aug-_144_9606685.jpg,NonMonkeyPox
aug/NonMonkeyPox/aug-_3_9582366.jpg,NonMonkeyPox
aug/NonMonkeyPox/aug-_281_1559825.jpg,NonMonkeyPox
aug/NonMonkeyPox/aug-_125_4503404.jpg,NonMonkeyPox
aug/NonMonkeyPox/aug-_214_2087863.jpg,NonMonkeyPox
aug/NonMonkeyPox/aug-_222_2218143.jpg,NonMonkeyPox
aug/NonMonkeyPox/aug-_154_757392.jpg,NonMonkeyPox
aug/NonMonkeyPox/aug-_174_3060131.jpg,NonMonkeyPox
aug/NonMonkeyPox/aug-_96_5106700.jpg,NonMonkeyPox
aug/NonMonkeyPox/aug-_309_1489046.jpg,NonMonkeyPox
aug/NonMonkeyPox/aug-_118_3373317.jpg,NonMonkeyPox
aug/NonMonkeyPox/aug-_345_7400023.jpg,NonMonkeyPox
aug/NonMonkeyPox/aug-_95_8769019.jpg,NonMonkeyPox
aug/NonMonkeyPox/aug-_265_784066.jpg,NonMonkeyPox
aug/NonMonkeyPox/aug-_227_849624.jpg,NonMonkeyPox
aug/NonMonkeyPox/aug-_355_2141423.jpg,NonMonkeyPox
aug/NonMonkeyPox/aug-_327_365042.jpg,NonMonkeyPox
aug/NonMonkeyPox/aug-_63_9501885.jpg,NonMonkeyPox
aug/NonMonkeyPox/aug-_264_9070866.jpg,NonMonkeyPox
aug/NonMonkeyPox/aug-_288_1238520.jpg,NonMonkeyPox
aug/NonMonkeyPox/aug-_7_8601099.jpg,NonMonkeyPox
aug/NonMonkeyPox/aug-_72_7997814.jpg,NonMonkeyPox
aug/NonMonkeyPox/aug-_14_7011803.jpg,NonMonkeyPox
aug/NonMonkeyPox/aug-_145_9044391.jpg,NonMonkeyPox
aug/NonMonkeyPox/aug-_364_430506.jpg,NonMonkeyPox
aug/NonMonkeyPox/aug-_229_9432266.jpg,NonMonkeyPox
aug/NonMonkeyPox/aug-_320_4478269.jpg,NonMonkeyPox
aug/NonMonkeyPox/aug-_305_2949112.jpg,NonMonkeyPox
aug/NonMonkeyPox/aug-_293_3478400.jpg,NonMonkeyPox
aug/NonMonkeyPox/aug-_20_9496572.jpg,NonMonkeyPox
aug/NonMonkeyPox/aug-_119_2270367.jpg,NonMonkeyPox
aug/NonMonkeyPox/aug-_97_9670725.jpg,NonMonkeyPox
aug/NonMonkeyPox/aug-_237_4791543.jpg,NonMonkeyPox
aug/NonMonkeyPox/aug-_252_4109032.jpg,NonMonkeyPox
aug/NonMonkeyPox/aug-_260_5647528.jpg,NonMonkeyPox
aug/NonMonkeyPox/aug-_350_8384403.jpg,NonMonkeyPox
aug/NonMonkeyPox/aug-_33_5070596.jpg,NonMonkeyPox
aug/NonMonkeyPox/aug-_41_9214488.jpg,NonMonkeyPox
aug/NonMonkeyPox/aug-_105_8085344.jpg,NonMonkeyPox
aug/NonMonkeyPox/aug-_311_1840412.jpg,NonMonkeyPox
aug/NonMonkeyPox/aug-_290_4452034.jpg,NonMonkeyPox
aug/NonMonkeyPox/aug-_268_6432062.jpg,NonMonkeyPox
aug/NonMonkeyPox/aug-_92_4535304.jpg,NonMonkeyPox
aug/NonMonkeyPox/aug-_189_4050935.jpg,NonMonkeyPox
aug/NonMonkeyPox/aug-_117_9804400.jpg,NonMonkeyPox
aug/NonMonkeyPox/aug-_41_6372325.jpg,NonMonkeyPox
aug/NonMonkeyPox/aug-_364_7727170.jpg,NonMonkeyPox
aug/NonMonkeyPox/aug-_2_5427771.jpg,NonMonkeyPox
aug/NonMonkeyPox/aug-_30_6870094.jpg,NonMonkeyPox
aug/NonMonkeyPox/aug-_342_7752143.jpg,NonMonkeyPox
aug/NonMonkeyPox/aug-_9_4996587.jpg,NonMonkeyPox
aug/NonMonkeyPox/aug-_290_473684.jpg,NonMonkeyPox
aug/NonMonkeyPox/aug-_352_218678.jpg,NonMonkeyPox
aug/NonMonkeyPox/aug-_217_6172932.jpg,NonMonkeyPox
aug/NonMonkeyPox/aug-_264_2245206.jpg,NonMonkeyPox
aug/NonMonkeyPox/aug-_86_3233290.jpg,NonMonkeyPox
aug/NonMonkeyPox/aug-_289_8427142.jpg,NonMonkeyPox
aug/NonMonkeyPox/aug-_304_1050328.jpg,NonMonkeyPox
aug/NonMonkeyPox/aug-_96_8353083.jpg,NonMonkeyPox
aug/NonMonkeyPox/aug-_153_3984249.jpg,NonMonkeyPox
aug/NonMonkeyPox/aug-_173_5393019.jpg,NonMonkeyPox
aug/NonMonkeyPox/aug-_39_7405913.jpg,NonMonkeyPox
aug/NonMonkeyPox/aug-_15_1876600.jpg,NonMonkeyPox
aug/NonMonkeyPox/aug-_50_2957157.jpg,NonMonkeyPox
aug/NonMonkeyPox/aug-_255_4851362.jpg,NonMonkeyPox
aug/NonMonkeyPox/aug-_42_4829680.jpg,NonMonkeyPox
aug/NonMonkeyPox/aug-_29_7984927.jpg,NonMonkeyPox
aug/NonMonkeyPox/aug-_1_1607778.jpg,NonMonkeyPox
aug/NonMonkeyPox/aug-_335_5353188.jpg,NonMonkeyPox
aug/NonMonkeyPox/aug-_318_9419020.jpg,NonMonkeyPox
aug/NonMonkeyPox/aug-_130_5186644.jpg,NonMonkeyPox
aug/NonMonkeyPox/aug-_182_8158873.jpg,NonMonkeyPox
aug/NonMonkeyPox/aug-_46_1585597.jpg,NonMonkeyPox
aug/NonMonkeyPox/aug-_4_5774586.jpg,NonMonkeyPox
aug/NonMonkeyPox/aug-_89_233594.jpg,NonMonkeyPox
aug/NonMonkeyPox/aug-_265_2930685.jpg,NonMonkeyPox
aug/NonMonkeyPox/aug-_287_9201082.jpg,NonMonkeyPox
aug/NonMonkeyPox/aug-_113_7168854.jpg,NonMonkeyPox
aug/NonMonkeyPox/aug-_286_9111288.jpg,NonMonkeyPox
aug/NonMonkeyPox/aug-_69_7039502.jpg,NonMonkeyPox
aug/NonMonkeyPox/aug-_21_505907.jpg,NonMonkeyPox
aug/NonMonkeyPox/aug-_358_6900298.jpg,NonMonkeyPox
aug/NonMonkeyPox/aug-_68_4676989.jpg,NonMonkeyPox
aug/NonMonkeyPox/aug-_18_2116378.jpg,NonMonkeyPox
aug/NonMonkeyPox/aug-_89_2625445.jpg,NonMonkeyPox
aug/NonMonkeyPox/aug-_62_2836498.jpg,NonMonkeyPox
aug/NonMonkeyPox/aug-_266_2558995.jpg,NonMonkeyPox
aug/NonMonkeyPox/aug-_0_2088720.jpg,NonMonkeyPox
aug/NonMonkeyPox/aug-_277_6975492.jpg,NonMonkeyPox
aug/NonMonkeyPox/aug-_330_5264287.jpg,NonMonkeyPox
aug/NonMonkeyPox/aug-_357_4193189.jpg,NonMonkeyPox
aug/NonMonkeyPox/aug-_110_2197897.jpg,NonMonkeyPox
aug/NonMonkeyPox/aug-_54_347200.jpg,NonMonkeyPox
aug/NonMonkeyPox/aug-_188_8133592.jpg,NonMonkeyPox
aug/NonMonkeyPox/aug-_300_8805555.jpg,NonMonkeyPox
aug/NonMonkeyPox/aug-_361_9995211.jpg,NonMonkeyPox
aug/NonMonkeyPox/aug-_275_4706869.jpg,NonMonkeyPox
aug/NonMonkeyPox/aug-_82_5601569.jpg,NonMonkeyPox
aug/NonMonkeyPox/aug-_280_8953409.jpg,NonMonkeyPox
aug/NonMonkeyPox/aug-_283_4225911.jpg,NonMonkeyPox
aug/NonMonkeyPox/aug-_291_2275509.jpg,NonMonkeyPox
aug/NonMonkeyPox/aug-_25_2483282.jpg,NonMonkeyPox
aug/NonMonkeyPox/aug-_234_7956906.jpg,NonMonkeyPox
aug/NonMonkeyPox/aug-_63_3591617.jpg,NonMonkeyPox
aug/NonMonkeyPox/aug-_261_3462306.jpg,NonMonkeyPox
aug/NonMonkeyPox/aug-_168_1070287.jpg,NonMonkeyPox
aug/NonMonkeyPox/aug-_256_9349900.jpg,NonMonkeyPox
aug/NonMonkeyPox/aug-_226_1922339.jpg,NonMonkeyPox
aug/NonMonkeyPox/aug-_51_2974543.jpg,NonMonkeyPox
aug/NonMonkeyPox/aug-_367_9519059.jpg,NonMonkeyPox
aug/NonMonkeyPox/aug-_15_2445674.jpg,NonMonkeyPox
aug/NonMonkeyPox/aug-_218_9377367.jpg,NonMonkeyPox
aug/NonMonkeyPox/aug-_21_1333641.jpg,NonMonkeyPox
aug/NonMonkeyPox/aug-_174_8367847.jpg,NonMonkeyPox
aug/NonMonkeyPox/aug-_27_7275738.jpg,NonMonkeyPox
aug/NonMonkeyPox/aug-_222_6596059.jpg,NonMonkeyPox
aug/NonMonkeyPox/aug-_35_727528.jpg,NonMonkeyPox
aug/NonMonkeyPox/aug-_347_7756860.jpg,NonMonkeyPox
aug/NonMonkeyPox/aug-_35_5555030.jpg,NonMonkeyPox
aug/NonMonkeyPox/aug-_258_2010737.jpg,NonMonkeyPox
aug/NonMonkeyPox/aug-_261_6395102.jpg,NonMonkeyPox
aug/NonMonkeyPox/aug-_209_172411.jpg,NonMonkeyPox
aug/NonMonkeyPox/aug-_295_626603.jpg,NonMonkeyPox
aug/NonMonkeyPox/aug-_288_429833.jpg,NonMonkeyPox
aug/NonMonkeyPox/aug-_196_4718272.jpg,NonMonkeyPox
aug/NonMonkeyPox/aug-_107_7863619.jpg,NonMonkeyPox
aug/NonMonkeyPox/aug-_171_4165577.jpg,NonMonkeyPox
aug/NonMonkeyPox/aug-_65_20832.jpg,NonMonkeyPox
aug/NonMonkeyPox/aug-_241_7373476.jpg,NonMonkeyPox
aug/NonMonkeyPox/aug-_109_3302840.jpg,NonMonkeyPox
aug/NonMonkeyPox/aug-_120_3363664.jpg,NonMonkeyPox
aug/NonMonkeyPox/aug-_250_4470286.jpg,NonMonkeyPox
aug/NonMonkeyPox/aug-_212_9053708.jpg,NonMonkeyPox
aug/NonMonkeyPox/aug-_263_5520513.jpg,NonMonkeyPox
aug/NonMonkeyPox/aug-_87_682523.jpg,NonMonkeyPox
aug/NonMonkeyPox/aug-_337_6641003.jpg,NonMonkeyPox
aug/NonMonkeyPox/aug-_22_7147007.jpg,NonMonkeyPox
aug/NonMonkeyPox/aug-_9_7380977.jpg,NonMonkeyPox
aug/NonMonkeyPox/aug-_114_9355744.jpg,NonMonkeyPox
aug/NonMonkeyPox/aug-_338_7186966.jpg,NonMonkeyPox
aug/NonMonkeyPox/aug-_45_5892575.jpg,NonMonkeyPox
aug/NonMonkeyPox/aug-_142_8993592.jpg,NonMonkeyPox
aug/NonMonkeyPox/aug-_343_3520010.jpg,NonMonkeyPox
aug/NonMonkeyPox/aug-_7_6387946.jpg,NonMonkeyPox
aug/NonMonkeyPox/aug-_269_5401648.jpg,NonMonkeyPox
aug/NonMonkeyPox/aug-_224_8574954.jpg,NonMonkeyPox
aug/NonMonkeyPox/aug-_90_7441394.jpg,NonMonkeyPox
aug/NonMonkeyPox/aug-_54_138585.jpg,NonMonkeyPox
aug/NonMonkeyPox/aug-_137_3598813.jpg,NonMonkeyPox
aug/NonMonkeyPox/aug-_50_5569838.jpg,NonMonkeyPox
aug/NonMonkeyPox/aug-_232_8354908.jpg,NonMonkeyPox
aug/NonMonkeyPox/aug-_243_2358035.jpg,NonMonkeyPox
aug/NonMonkeyPox/aug-_184_327612.jpg,NonMonkeyPox
aug/NonMonkeyPox/aug-_122_3064106.jpg,NonMonkeyPox
aug/NonMonkeyPox/aug-_360_4606263.jpg,NonMonkeyPox
aug/NonMonkeyPox/aug-_10_3635967.jpg,NonMonkeyPox
aug/NonMonkeyPox/aug-_332_9992709.jpg,NonMonkeyPox
aug/NonMonkeyPox/aug-_39_529437.jpg,NonMonkeyPox
aug/NonMonkeyPox/aug-_38_1444727.jpg,NonMonkeyPox
aug/NonMonkeyPox/aug-_318_7732229.jpg,NonMonkeyPox
aug/NonMonkeyPox/aug-_188_948966.jpg,NonMonkeyPox
aug/NonMonkeyPox/aug-_0_5438017.jpg,NonMonkeyPox
aug/NonMonkeyPox/aug-_65_7555581.jpg,NonMonkeyPox
aug/NonMonkeyPox/aug-_32_3455195.jpg,NonMonkeyPox
aug/NonMonkeyPox/aug-_344_8283706.jpg,NonMonkeyPox
aug/NonMonkeyPox/aug-_253_332664.jpg,NonMonkeyPox
aug/NonMonkeyPox/aug-_88_2300541.jpg,NonMonkeyPox
aug/NonMonkeyPox/aug-_346_9846878.jpg,NonMonkeyPox
aug/NonMonkeyPox/aug-_45_8543270.jpg,NonMonkeyPox
aug/NonMonkeyPox/aug-_20_8946511.jpg,NonMonkeyPox
aug/NonMonkeyPox/aug-_223_939837.jpg,NonMonkeyPox
aug/NonMonkeyPox/aug-_3_6107404.jpg,NonMonkeyPox
aug/NonMonkeyPox/aug-_244_6470255.jpg,NonMonkeyPox
aug/NonMonkeyPox/aug-_39_651245.jpg,NonMonkeyPox
aug/NonMonkeyPox/aug-_68_4920480.jpg,NonMonkeyPox
aug/NonMonkeyPox/aug-_315_5904059.jpg,NonMonkeyPox
aug/NonMonkeyPox/aug-_172_885543.jpg,NonMonkeyPox
aug/NonMonkeyPox/aug-_210_1793367.jpg,NonMonkeyPox
aug/NonMonkeyPox/aug-_235_3492628.jpg,NonMonkeyPox
aug/NonMonkeyPox/aug-_15_5861803.jpg,NonMonkeyPox
aug/NonMonkeyPox/aug-_352_8038607.jpg,NonMonkeyPox
aug/NonMonkeyPox/aug-_89_9562443.jpg,NonMonkeyPox
aug/NonMonkeyPox/aug-_70_7547555.jpg,NonMonkeyPox
aug/NonMonkeyPox/aug-_107_1335244.jpg,NonMonkeyPox
aug/NonMonkeyPox/aug-_67_4482073.jpg,NonMonkeyPox
aug/NonMonkeyPox/aug-_139_7246841.jpg,NonMonkeyPox
aug/NonMonkeyPox/aug-_208_7288985.jpg,NonMonkeyPox
aug/NonMonkeyPox/aug-_153_3901486.jpg,NonMonkeyPox
aug/NonMonkeyPox/aug-_221_6539061.jpg,NonMonkeyPox
aug/NonMonkeyPox/aug-_49_6578733.jpg,NonMonkeyPox
aug/NonMonkeyPox/aug-_126_6339828.jpg,NonMonkeyPox
aug/NonMonkeyPox/aug-_150_1597385.jpg,NonMonkeyPox
aug/NonMonkeyPox/aug-_278_601003.jpg,NonMonkeyPox
aug/NonMonkeyPox/aug-_203_9377242.jpg,NonMonkeyPox
aug/NonMonkeyPox/aug-_347_2356863.jpg,NonMonkeyPox
aug/NonMonkeyPox/aug-_218_7017999.jpg,NonMonkeyPox
aug/NonMonkeyPox/aug-_78_3534309.jpg,NonMonkeyPox
aug/NonMonkeyPox/aug-_193_7836034.jpg,NonMonkeyPox
aug/NonMonkeyPox/aug-_225_2606677.jpg,NonMonkeyPox
aug/NonMonkeyPox/aug-_331_6094030.jpg,NonMonkeyPox
aug/NonMonkeyPox/aug-_306_4798902.jpg,NonMonkeyPox
aug/NonMonkeyPox/aug-_328_4835723.jpg,NonMonkeyPox
aug/NonMonkeyPox/aug-_40_566166.jpg,NonMonkeyPox
aug/NonMonkeyPox/aug-_221_7919503.jpg,NonMonkeyPox
aug/NonMonkeyPox/aug-_1_8517435.jpg,NonMonkeyPox
aug/NonMonkeyPox/aug-_344_3772919.jpg,NonMonkeyPox
aug/NonMonkeyPox/aug-_100_4655808.jpg,NonMonkeyPox
aug/NonMonkeyPox/aug-_134_2515134.jpg,NonMonkeyPox
aug/NonMonkeyPox/aug-_160_136191.jpg,NonMonkeyPox
aug/NonMonkeyPox/aug-_47_612911.jpg,NonMonkeyPox
aug/NonMonkeyPox/aug-_87_7621031.jpg,NonMonkeyPox
aug/NonMonkeyPox/aug-_310_1214967.jpg,NonMonkeyPox
aug/NonMonkeyPox/aug-_192_7259314.jpg,NonMonkeyPox
aug/NonMonkeyPox/aug-_83_1036853.jpg,NonMonkeyPox
aug/NonMonkeyPox/aug-_86_2276301.jpg,NonMonkeyPox
aug/NonMonkeyPox/aug-_31_5462789.jpg,NonMonkeyPox
aug/NonMonkeyPox/aug-_83_1558953.jpg,NonMonkeyPox
aug/NonMonkeyPox/aug-_201_8074063.jpg,NonMonkeyPox
aug/NonMonkeyPox/aug-_116_2803234.jpg,NonMonkeyPox
aug/NonMonkeyPox/aug-_43_4662608.jpg,NonMonkeyPox
aug/NonMonkeyPox/aug-_341_6441362.jpg,NonMonkeyPox
aug/NonMonkeyPox/aug-_211_1337604.jpg,NonMonkeyPox
aug/NonMonkeyPox/aug-_181_6703678.jpg,NonMonkeyPox
aug/NonMonkeyPox/aug-_275_4072485.jpg,NonMonkeyPox
aug/NonMonkeyPox/aug-_216_2777330.jpg,NonMonkeyPox
aug/NonMonkeyPox/aug-_328_6643531.jpg,NonMonkeyPox
aug/NonMonkeyPox/aug-_208_6333972.jpg,NonMonkeyPox
aug/NonMonkeyPox/aug-_77_5439183.jpg,NonMonkeyPox
aug/NonMonkeyPox/aug-_32_555682.jpg,NonMonkeyPox
aug/NonMonkeyPox/aug-_324_4349210.jpg,NonMonkeyPox
aug/NonMonkeyPox/aug-_187_6563448.jpg,NonMonkeyPox
aug/NonMonkeyPox/aug-_249_2628874.jpg,NonMonkeyPox
aug/NonMonkeyPox/aug-_41_2852499.jpg,NonMonkeyPox
aug/NonMonkeyPox/aug-_26_518330.jpg,NonMonkeyPox
aug/NonMonkeyPox/aug-_299_3344632.jpg,NonMonkeyPox
aug/NonMonkeyPox/aug-_28_6247183.jpg,NonMonkeyPox
aug/NonMonkeyPox/aug-_316_6216146.jpg,NonMonkeyPox
aug/NonMonkeyPox/aug-_217_7561516.jpg,NonMonkeyPox
aug/NonMonkeyPox/aug-_48_883344.jpg,NonMonkeyPox
aug/NonMonkeyPox/aug-_4_8731946.jpg,NonMonkeyPox
aug/NonMonkeyPox/aug-_27_2837931.jpg,NonMonkeyPox
aug/NonMonkeyPox/aug-_277_576762.jpg,NonMonkeyPox
aug/NonMonkeyPox/aug-_209_9735273.jpg,NonMonkeyPox
aug/NonMonkeyPox/aug-_355_89576.jpg,NonMonkeyPox
aug/NonMonkeyPox/aug-_233_4754742.jpg,NonMonkeyPox
aug/NonMonkeyPox/aug-_212_5947233.jpg,NonMonkeyPox
aug/NonMonkeyPox/aug-_132_9248341.jpg,NonMonkeyPox
aug/NonMonkeyPox/aug-_225_5137127.jpg,NonMonkeyPox
aug/NonMonkeyPox/aug-_162_1406627.jpg,NonMonkeyPox
aug/NonMonkeyPox/aug-_239_9556501.jpg,NonMonkeyPox
aug/NonMonkeyPox/aug-_349_2344669.jpg,NonMonkeyPox
aug/NonMonkeyPox/aug-_170_5941912.jpg,NonMonkeyPox
aug/NonMonkeyPox/aug-_106_1480726.jpg,NonMonkeyPox
aug/NonMonkeyPox/aug-_249_2557305.jpg,NonMonkeyPox
aug/NonMonkeyPox/aug-_322_9143115.jpg,NonMonkeyPox
aug/NonMonkeyPox/aug-_62_4386267.jpg,NonMonkeyPox
aug/NonMonkeyPox/aug-_44_4544031.jpg,NonMonkeyPox
aug/NonMonkeyPox/aug-_302_2944982.jpg,NonMonkeyPox
aug/NonMonkeyPox/aug-_109_1220121.jpg,NonMonkeyPox
aug/NonMonkeyPox/aug-_294_7075999.jpg,NonMonkeyPox
aug/NonMonkeyPox/aug-_247_6070895.jpg,NonMonkeyPox
aug/NonMonkeyPox/aug-_325_5206176.jpg,NonMonkeyPox
aug/NonMonkeyPox/aug-_260_5443225.jpg,NonMonkeyPox
aug/NonMonkeyPox/aug-_84_9189441.jpg,NonMonkeyPox
aug/NonMonkeyPox/aug-_365_2766308.jpg,NonMonkeyPox
aug/NonMonkeyPox/aug-_324_6451929.jpg,NonMonkeyPox
aug/NonMonkeyPox/aug-_136_8407864.jpg,NonMonkeyPox
aug/NonMonkeyPox/aug-_294_6973228.jpg,NonMonkeyPox
aug/NonMonkeyPox/aug-_315_6389911.jpg,NonMonkeyPox
aug/NonMonkeyPox/aug-_95_6522092.jpg,NonMonkeyPox
aug/NonMonkeyPox/aug-_311_4237299.jpg,NonMonkeyPox
aug/NonMonkeyPox/aug-_239_5025391.jpg,NonMonkeyPox
aug/NonMonkeyPox/aug-_323_9023763.jpg,NonMonkeyPox
aug/NonMonkeyPox/aug-_177_4408178.jpg,NonMonkeyPox
aug/NonMonkeyPox/aug-_246_2365422.jpg,NonMonkeyPox
aug/NonMonkeyPox/aug-_34_2280966.jpg,NonMonkeyPox
aug/NonMonkeyPox/aug-_23_9026682.jpg,NonMonkeyPox
aug/NonMonkeyPox/aug-_182_8592472.jpg,NonMonkeyPox
aug/NonMonkeyPox/aug-_257_6336097.jpg,NonMonkeyPox
aug/NonMonkeyPox/aug-_116_4112679.jpg,NonMonkeyPox
aug/NonMonkeyPox/aug-_195_3122162.jpg,NonMonkeyPox
aug/NonMonkeyPox/aug-_98_2838488.jpg,NonMonkeyPox
aug/NonMonkeyPox/aug-_58_5301078.jpg,NonMonkeyPox
aug/NonMonkeyPox/aug-_199_8556121.jpg,NonMonkeyPox
aug/NonMonkeyPox/aug-_308_4873595.jpg,NonMonkeyPox
aug/NonMonkeyPox/aug-_104_2688473.jpg,NonMonkeyPox
aug/NonMonkeyPox/aug-_351_7231415.jpg,NonMonkeyPox
aug/NonMonkeyPox/aug-_164_4936354.jpg,NonMonkeyPox
aug/NonMonkeyPox/aug-_257_9236611.jpg,NonMonkeyPox
aug/NonMonkeyPox/aug-_192_7029258.jpg,NonMonkeyPox
aug/NonMonkeyPox/aug-_50_6602711.jpg,NonMonkeyPox
aug/NonMonkeyPox/aug-_191_3614767.jpg,NonMonkeyPox
aug/NonMonkeyPox/aug-_196_6065106.jpg,NonMonkeyPox
aug/NonMonkeyPox/aug-_156_9598153.jpg,NonMonkeyPox
aug/NonMonkeyPox/aug-_181_3161611.jpg,NonMonkeyPox
aug/NonMonkeyPox/aug-_327_832617.jpg,NonMonkeyPox
aug/NonMonkeyPox/aug-_52_6808761.jpg,NonMonkeyPox
aug/NonMonkeyPox/aug-_60_9197988.jpg,NonMonkeyPox
aug/NonMonkeyPox/aug-_175_7506668.jpg,NonMonkeyPox
aug/NonMonkeyPox/aug-_20_9131395.jpg,NonMonkeyPox
aug/NonMonkeyPox/aug-_304_3164526.jpg,NonMonkeyPox
aug/NonMonkeyPox/aug-_185_8801581.jpg,NonMonkeyPox
aug/NonMonkeyPox/aug-_200_9509253.jpg,NonMonkeyPox
aug/NonMonkeyPox/aug-_202_5175932.jpg,NonMonkeyPox
aug/NonMonkeyPox/aug-_99_6805657.jpg,NonMonkeyPox
aug/NonMonkeyPox/aug-_161_2250249.jpg,NonMonkeyPox
aug/NonMonkeyPox/aug-_47_3062688.jpg,NonMonkeyPox
aug/NonMonkeyPox/aug-_42_1977361.jpg,NonMonkeyPox
aug/NonMonkeyPox/aug-_95_9984333.jpg,NonMonkeyPox
aug/NonMonkeyPox/aug-_168_6022544.jpg,NonMonkeyPox
aug/NonMonkeyPox/aug-_274_8166649.jpg,NonMonkeyPox
aug/NonMonkeyPox/aug-_61_3597665.jpg,NonMonkeyPox
aug/NonMonkeyPox/aug-_42_6912118.jpg,NonMonkeyPox
aug/NonMonkeyPox/aug-_54_495291.jpg,NonMonkeyPox
aug/NonMonkeyPox/aug-_359_4162870.jpg,NonMonkeyPox
aug/NonMonkeyPox/aug-_262_9415996.jpg,NonMonkeyPox
aug/NonMonkeyPox/aug-_289_6996407.jpg,NonMonkeyPox
aug/NonMonkeyPox/aug-_183_4430247.jpg,NonMonkeyPox
aug/NonMonkeyPox/aug-_169_7533691.jpg,NonMonkeyPox
aug/NonMonkeyPox/aug-_104_6906009.jpg,NonMonkeyPox
aug/NonMonkeyPox/aug-_70_5677921.jpg,NonMonkeyPox
aug/NonMonkeyPox/aug-_197_5156012.jpg,NonMonkeyPox
aug/NonMonkeyPox/aug-_354_6724418.jpg,NonMonkeyPox
aug/NonMonkeyPox/aug-_292_3681414.jpg,NonMonkeyPox
aug/NonMonkeyPox/aug-_226_8492934.jpg,NonMonkeyPox
aug/NonMonkeyPox/aug-_71_9430418.jpg,NonMonkeyPox
aug/NonMonkeyPox/aug-_287_4028824.jpg,NonMonkeyPox
aug/NonMonkeyPox/aug-_93_6435444.jpg,NonMonkeyPox
aug/NonMonkeyPox/aug-_190_4060052.jpg,NonMonkeyPox
aug/NonMonkeyPox/aug-_360_4976324.jpg,NonMonkeyPox
aug/NonMonkeyPox/aug-_220_4011432.jpg,NonMonkeyPox
aug/NonMonkeyPox/aug-_348_6930554.jpg,NonMonkeyPox
aug/NonMonkeyPox/aug-_87_9986439.jpg,NonMonkeyPox
aug/NonMonkeyPox/aug-_237_3472120.jpg,NonMonkeyPox
aug/NonMonkeyPox/aug-_145_5736400.jpg,NonMonkeyPox
aug/NonMonkeyPox/aug-_10_3559340.jpg,NonMonkeyPox
aug/NonMonkeyPox/aug-_66_3567191.jpg,NonMonkeyPox
aug/NonMonkeyPox/aug-_2_3521654.jpg,NonMonkeyPox
aug/NonMonkeyPox/aug-_214_3884531.jpg,NonMonkeyPox
aug/NonMonkeyPox/aug-_326_4153080.jpg,NonMonkeyPox
aug/NonMonkeyPox/aug-_339_1584289.jpg,NonMonkeyPox
aug/NonMonkeyPox/aug-_310_1965679.jpg,NonMonkeyPox
aug/NonMonkeyPox/aug-_295_3050919.jpg,NonMonkeyPox
aug/NonMonkeyPox/aug-_94_900703.jpg,NonMonkeyPox
aug/NonMonkeyPox/aug-_353_4860354.jpg,NonMonkeyPox
aug/NonMonkeyPox/aug-_271_955301.jpg,NonMonkeyPox
aug/NonMonkeyPox/aug-_343_5366051.jpg,NonMonkeyPox
aug/NonMonkeyPox/aug-_133_6894829.jpg,NonMonkeyPox
aug/NonMonkeyPox/aug-_147_3997365.jpg,NonMonkeyPox
aug/NonMonkeyPox/aug-_31_7578448.jpg,NonMonkeyPox
aug/NonMonkeyPox/aug-_3_8059904.jpg,NonMonkeyPox
aug/NonMonkeyPox/aug-_113_2516176.jpg,NonMonkeyPox
aug/NonMonkeyPox/aug-_346_8774853.jpg,NonMonkeyPox
aug/NonMonkeyPox/aug-_19_845447.jpg,NonMonkeyPox
aug/NonMonkeyPox/aug-_165_9920502.jpg,NonMonkeyPox
aug/NonMonkeyPox/aug-_86_7687179.jpg,NonMonkeyPox
aug/NonMonkeyPox/aug-_73_4822437.jpg,NonMonkeyPox
aug/NonMonkeyPox/aug-_26_7571274.jpg,NonMonkeyPox
aug/NonMonkeyPox/aug-_75_3589018.jpg,NonMonkeyPox
aug/NonMonkeyPox/aug-_298_1479073.jpg,NonMonkeyPox
aug/NonMonkeyPox/aug-_305_589730.jpg,NonMonkeyPox
aug/NonMonkeyPox/aug-_34_9632202.jpg,NonMonkeyPox
aug/NonMonkeyPox/aug-_272_9585522.jpg,NonMonkeyPox
aug/NonMonkeyPox/aug-_314_1711328.jpg,NonMonkeyPox
aug/NonMonkeyPox/aug-_25_3872586.jpg,NonMonkeyPox
aug/NonMonkeyPox/aug-_28_1518287.jpg,NonMonkeyPox
aug/NonMonkeyPox/aug-_146_5171644.jpg,NonMonkeyPox
aug/NonMonkeyPox/aug-_49_270600.jpg,NonMonkeyPox
aug/NonMonkeyPox/aug-_124_5982865.jpg,NonMonkeyPox
aug/NonMonkeyPox/aug-_106_6880179.jpg,NonMonkeyPox
aug/NonMonkeyPox/aug-_51_3228654.jpg,NonMonkeyPox
aug/NonMonkeyPox/aug-_223_4298120.jpg,NonMonkeyPox
aug/NonMonkeyPox/aug-_190_9364586.jpg,NonMonkeyPox
aug/NonMonkeyPox/aug-_282_2951274.jpg,NonMonkeyPox
aug/NonMonkeyPox/aug-_80_7454097.jpg,NonMonkeyPox
aug/NonMonkeyPox/aug-_299_193034.jpg,NonMonkeyPox
aug/NonMonkeyPox/aug-_81_6840592.jpg,NonMonkeyPox
aug/NonMonkeyPox/aug-_248_4756217.jpg,NonMonkeyPox
aug/NonMonkeyPox/aug-_46_4177965.jpg,NonMonkeyPox
aug/NonMonkeyPox/aug-_238_2048295.jpg,NonMonkeyPox
aug/NonMonkeyPox/aug-_362_9446413.jpg,NonMonkeyPox
aug/NonMonkeyPox/aug-_55_6856510.jpg,NonMonkeyPox
aug/NonMonkeyPox/aug-_206_6218202.jpg,NonMonkeyPox
aug/NonMonkeyPox/aug-_5_6138704.jpg,NonMonkeyPox
aug/NonMonkeyPox/aug-_280_8169756.jpg,NonMonkeyPox
aug/NonMonkeyPox/aug-_32_7720956.jpg,NonMonkeyPox
aug/NonMonkeyPox/aug-_248_2873458.jpg,NonMonkeyPox
aug/NonMonkeyPox/aug-_263_9870485.jpg,NonMonkeyPox
aug/NonMonkeyPox/aug-_77_5696903.jpg,NonMonkeyPox
aug/NonMonkeyPox/aug-_349_1626348.jpg,NonMonkeyPox
aug/NonMonkeyPox/aug-_232_248329.jpg,NonMonkeyPox
aug/NonMonkeyPox/aug-_74_2502632.jpg,NonMonkeyPox
aug/NonMonkeyPox/aug-_58_7687119.jpg,NonMonkeyPox
aug/NonMonkeyPox/aug-_94_2484358.jpg,NonMonkeyPox
aug/NonMonkeyPox/aug-_216_9378781.jpg,NonMonkeyPox
aug/NonMonkeyPox/aug-_320_3939734.jpg,NonMonkeyPox
aug/NonMonkeyPox/aug-_67_3179925.jpg,NonMonkeyPox
aug/NonMonkeyPox/aug-_57_5835278.jpg,NonMonkeyPox
aug/NonMonkeyPox/aug-_135_903453.jpg,NonMonkeyPox
aug/NonMonkeyPox/aug-_132_1192963.jpg,NonMonkeyPox
aug/NonMonkeyPox/aug-_127_946322.jpg,NonMonkeyPox
aug/NonMonkeyPox/aug-_255_1935047.jpg,NonMonkeyPox
aug/NonMonkeyPox/aug-_202_7062894.jpg,NonMonkeyPox
aug/NonMonkeyPox/aug-_293_497319.jpg,NonMonkeyPox
aug/NonMonkeyPox/aug-_101_451811.jpg,NonMonkeyPox
aug/NonMonkeyPox/aug-_138_8830677.jpg,NonMonkeyPox
aug/NonMonkeyPox/aug-_88_5888091.jpg,NonMonkeyPox
aug/NonMonkeyPox/aug-_17_7922209.jpg,NonMonkeyPox
aug/NonMonkeyPox/aug-_155_9659614.jpg,NonMonkeyPox
aug/NonMonkeyPox/aug-_172_3727911.jpg,NonMonkeyPox
aug/NonMonkeyPox/aug-_274_514664.jpg,NonMonkeyPox
aug/NonMonkeyPox/aug-_8_7724566.jpg,NonMonkeyPox
aug/NonMonkeyPox/aug-_351_4254004.jpg,NonMonkeyPox
aug/NonMonkeyPox/aug-_72_9683171.jpg,NonMonkeyPox
aug/NonMonkeyPox/aug-_273_1599623.jpg,NonMonkeyPox
aug/NonMonkeyPox/aug-_161_8389079.jpg,NonMonkeyPox
aug/NonMonkeyPox/aug-_228_6116402.jpg,NonMonkeyPox
aug/NonMonkeyPox/aug-_43_9061086.jpg,NonMonkeyPox
aug/NonMonkeyPox/aug-_58_2203655.jpg,NonMonkeyPox
aug/NonMonkeyPox/aug-_138_4335272.jpg,NonMonkeyPox
aug/NonMonkeyPox/aug-_333_2362856.jpg,NonMonkeyPox
aug/NonMonkeyPox/aug-_204_4030107.jpg,NonMonkeyPox
aug/NonMonkeyPox/aug-_178_7815443.jpg,NonMonkeyPox
aug/NonMonkeyPox/aug-_108_9438442.jpg,NonMonkeyPox
aug/NonMonkeyPox/aug-_302_6544325.jpg,NonMonkeyPox
aug/NonMonkeyPox/aug-_160_3927083.jpg,NonMonkeyPox
aug/NonMonkeyPox/aug-_98_8970476.jpg,NonMonkeyPox
aug/NonMonkeyPox/aug-_319_3387615.jpg,NonMonkeyPox
aug/NonMonkeyPox/aug-_23_803557.jpg,NonMonkeyPox
aug/NonMonkeyPox/aug-_358_8468624.jpg,NonMonkeyPox
aug/NonMonkeyPox/aug-_38_7853245.jpg,NonMonkeyPox
aug/NonMonkeyPox/aug-_61_5441179.jpg,NonMonkeyPox
aug/NonMonkeyPox/aug-_180_9819625.jpg,NonMonkeyPox
aug/NonMonkeyPox/aug-_122_1795901.jpg,NonMonkeyPox
aug/NonMonkeyPox/aug-_268_6996550.jpg,NonMonkeyPox
aug/NonMonkeyPox/aug-_215_7984887.jpg,NonMonkeyPox
aug/NonMonkeyPox/aug-_162_3873452.jpg,NonMonkeyPox
aug/NonMonkeyPox/aug-_207_9946547.jpg,NonMonkeyPox
aug/NonMonkeyPox/aug-_336_8070146.jpg,NonMonkeyPox
aug/NonMonkeyPox/aug-_285_2817280.jpg,NonMonkeyPox
aug/NonMonkeyPox/aug-_11_9132276.jpg,NonMonkeyPox
aug/NonMonkeyPox/aug-_329_1147772.jpg,NonMonkeyPox
aug/NonMonkeyPox/aug-_55_742586.jpg,NonMonkeyPox
aug/NonMonkeyPox/aug-_281_5157378.jpg,NonMonkeyPox
aug/NonMonkeyPox/aug-_119_4136625.jpg,NonMonkeyPox
aug/NonMonkeyPox/aug-_85_3646913.jpg,NonMonkeyPox
aug/NonMonkeyPox/aug-_18_2541504.jpg,NonMonkeyPox
aug/NonMonkeyPox/aug-_186_548178.jpg,NonMonkeyPox
aug/NonMonkeyPox/aug-_321_5482582.jpg,NonMonkeyPox
aug/NonMonkeyPox/aug-_7_5451301.jpg,NonMonkeyPox
aug/NonMonkeyPox/aug-_211_1543453.jpg,NonMonkeyPox
aug/NonMonkeyPox/aug-_285_8899795.jpg,NonMonkeyPox
aug/NonMonkeyPox/aug-_356_5632653.jpg,NonMonkeyPox
aug/NonMonkeyPox/aug-_200_4540122.jpg,NonMonkeyPox
aug/NonMonkeyPox/aug-_184_9050680.jpg,NonMonkeyPox
aug/NonMonkeyPox/aug-_307_5160333.jpg,NonMonkeyPox
aug/NonMonkeyPox/aug-_158_1761014.jpg,NonMonkeyPox
aug/NonMonkeyPox/aug-_135_7902246.jpg,NonMonkeyPox
aug/NonMonkeyPox/aug-_10_4014550.jpg,NonMonkeyPox
aug/NonMonkeyPox/aug-_273_6466465.jpg,NonMonkeyPox
aug/NonMonkeyPox/aug-_219_5583694.jpg,NonMonkeyPox
aug/NonMonkeyPox/aug-_251_6520824.jpg,NonMonkeyPox
aug/NonMonkeyPox/aug-_61_5065003.jpg,NonMonkeyPox
aug/NonMonkeyPox/aug-_284_8082500.jpg,NonMonkeyPox
aug/NonMonkeyPox/aug-_326_9547421.jpg,NonMonkeyPox
aug/NonMonkeyPox/aug-_169_1210472.jpg,NonMonkeyPox
aug/NonMonkeyPox/aug-_154_3546583.jpg,NonMonkeyPox
aug/NonMonkeyPox/aug-_40_7162377.jpg,NonMonkeyPox
aug/NonMonkeyPox/aug-_2_1207297.jpg,NonMonkeyPox
aug/NonMonkeyPox/aug-_127_3799351.jpg,NonMonkeyPox
aug/NonMonkeyPox/aug-_48_5421009.jpg,NonMonkeyPox
aug/NonMonkeyPox/aug-_121_1162279.jpg,NonMonkeyPox
aug/NonMonkeyPox/aug-_49_317866.jpg,NonMonkeyPox
aug/NonMonkeyPox/aug-_68_3640537.jpg,NonMonkeyPox
aug/NonMonkeyPox/aug-_242_580015.jpg,NonMonkeyPox
aug/NonMonkeyPox/aug-_179_4471537.jpg,NonMonkeyPox
aug/NonMonkeyPox/aug-_317_6356065.jpg,NonMonkeyPox
aug/NonMonkeyPox/aug-_9_3347665.jpg,NonMonkeyPox
aug/NonMonkeyPox/aug-_91_4969818.jpg,NonMonkeyPox
aug/NonMonkeyPox/aug-_177_3188200.jpg,NonMonkeyPox
aug/NonMonkeyPox/aug-_267_8135596.jpg,NonMonkeyPox
aug/NonMonkeyPox/aug-_236_6003592.jpg,NonMonkeyPox
aug/NonMonkeyPox/aug-_365_6903461.jpg,NonMonkeyPox
aug/NonMonkeyPox/aug-_251_2860091.jpg,NonMonkeyPox
aug/NonMonkeyPox/aug-_62_7479384.jpg,NonMonkeyPox
aug/NonMonkeyPox/aug-_309_1880126.jpg,NonMonkeyPox
aug/NonMonkeyPox/aug-_166_8460773.jpg,NonMonkeyPox
aug/NonMonkeyPox/aug-_140_408405.jpg,NonMonkeyPox
aug/NonMonkeyPox/aug-_151_1311948.jpg,NonMonkeyPox
aug/NonMonkeyPox/aug-_59_2657317.jpg,NonMonkeyPox
aug/NonMonkeyPox/aug-_13_5001211.jpg,NonMonkeyPox
aug/NonMonkeyPox/aug-_158_6311550.jpg,NonMonkeyPox
aug/NonMonkeyPox/aug-_12_5606595.jpg,NonMonkeyPox
aug/NonMonkeyPox/aug-_284_5233106.jpg,NonMonkeyPox
aug/NonMonkeyPox/aug-_16_2133646.jpg,NonMonkeyPox
aug/NonMonkeyPox/aug-_164_4462765.jpg,NonMonkeyPox
aug/NonMonkeyPox/aug-_230_6179259.jpg,NonMonkeyPox
aug/NonMonkeyPox/aug-_75_4705309.jpg,NonMonkeyPox
aug/NonMonkeyPox/aug-_65_3039891.jpg,NonMonkeyPox
aug/NonMonkeyPox/aug-_90_1475945.jpg,NonMonkeyPox
aug/NonMonkeyPox/aug-_272_8338034.jpg,NonMonkeyPox
aug/NonMonkeyPox/aug-_56_1917753.jpg,NonMonkeyPox
aug/NonMonkeyPox/aug-_76_456132.jpg,NonMonkeyPox
aug/NonMonkeyPox/aug-_8_891983.jpg,NonMonkeyPox
aug/NonMonkeyPox/aug-_330_7799511.jpg,NonMonkeyPox
aug/NonMonkeyPox/aug-_14_7869813.jpg,NonMonkeyPox
aug/NonMonkeyPox/aug-_46_8150697.jpg,NonMonkeyPox
aug/NonMonkeyPox/aug-_297_1351688.jpg,NonMonkeyPox
aug/NonMonkeyPox/aug-_78_9202539.jpg,NonMonkeyPox
aug/NonMonkeyPox/aug-_53_1262639.jpg,NonMonkeyPox
aug/NonMonkeyPox/aug-_124_7005071.jpg,NonMonkeyPox
aug/NonMonkeyPox/aug-_331_5376723.jpg,NonMonkeyPox
aug/NonMonkeyPox/aug-_5_3590068.jpg,NonMonkeyPox
aug/NonMonkeyPox/aug-_13_1900611.jpg,NonMonkeyPox
aug/NonMonkeyPox/aug-_199_8367594.jpg,NonMonkeyPox
aug/NonMonkeyPox/aug-_144_44438.jpg,NonMonkeyPox
aug/NonMonkeyPox/aug-_79_7035352.jpg,NonMonkeyPox
aug/NonMonkeyPox/aug-_167_4672678.jpg,NonMonkeyPox
aug/NonMonkeyPox/aug-_279_5676560.jpg,NonMonkeyPox
aug/NonMonkeyPox/aug-_136_2890534.jpg,NonMonkeyPox
aug/NonMonkeyPox/aug-_25_1064731.jpg,NonMonkeyPox
aug/NonMonkeyPox/aug-_201_2148076.jpg,NonMonkeyPox
aug/NonMonkeyPox/aug-_183_2347556.jpg,NonMonkeyPox
aug/NonMonkeyPox/aug-_143_6708776.jpg,NonMonkeyPox
aug/NonMonkeyPox/aug-_81_5203700.jpg,NonMonkeyPox
aug/NonMonkeyPox/aug-_75_8355884.jpg,NonMonkeyPox
aug/NonMonkeyPox/aug-_105_9559626.jpg,NonMonkeyPox
aug/NonMonkeyPox/aug-_148_7452542.jpg,NonMonkeyPox
aug/NonMonkeyPox/aug-_205_7330905.jpg,NonMonkeyPox
aug/NonMonkeyPox/aug-_300_2996067.jpg,NonMonkeyPox
aug/NonMonkeyPox/aug-_339_9017703.jpg,NonMonkeyPox
aug/NonMonkeyPox/aug-_6_2085135.jpg,NonMonkeyPox
aug/NonMonkeyPox/aug-_165_9949677.jpg,NonMonkeyPox
aug/NonMonkeyPox/aug-_101_8154905.jpg,NonMonkeyPox
aug/NonMonkeyPox/aug-_6_4784346.jpg,NonMonkeyPox
aug/NonMonkeyPox/aug-_74_1457779.jpg,NonMonkeyPox
aug/NonMonkeyPox/aug-_176_8947430.jpg,NonMonkeyPox
aug/NonMonkeyPox/aug-_254_8005952.jpg,NonMonkeyPox
aug/NonMonkeyPox/aug-_270_9409900.jpg,NonMonkeyPox
aug/NonMonkeyPox/aug-_69_976029.jpg,NonMonkeyPox
aug/NonMonkeyPox/aug-_55_6375727.jpg,NonMonkeyPox
aug/NonMonkeyPox/aug-_123_6716481.jpg,NonMonkeyPox
aug/NonMonkeyPox/aug-_14_2039906.jpg,NonMonkeyPox
aug/NonMonkeyPox/aug-_19_1017701.jpg,NonMonkeyPox
aug/NonMonkeyPox/aug-_246_4150105.jpg,NonMonkeyPox
aug/NonMonkeyPox/aug-_152_9088950.jpg,NonMonkeyPox
aug/NonMonkeyPox/aug-_230_3486659.jpg,NonMonkeyPox
aug/NonMonkeyPox/aug-_78_5181381.jpg,NonMonkeyPox
aug/NonMonkeyPox/aug-_173_4464610.jpg,NonMonkeyPox
aug/NonMonkeyPox/aug-_82_7937141.jpg,NonMonkeyPox
aug/NonMonkeyPox/aug-_359_2702466.jpg,NonMonkeyPox
aug/NonMonkeyPox/aug-_363_6836397.jpg,NonMonkeyPox
aug/NonMonkeyPox/aug-_76_8624242.jpg,NonMonkeyPox
aug/NonMonkeyPox/aug-_338_4967943.jpg,NonMonkeyPox
aug/NonMonkeyPox/aug-_64_2093082.jpg,NonMonkeyPox
aug/NonMonkeyPox/aug-_103_4222749.jpg,NonMonkeyPox
aug/NonMonkeyPox/aug-_306_5343860.jpg,NonMonkeyPox
aug/NonMonkeyPox/aug-_266_5609384.jpg,NonMonkeyPox
aug/NonMonkeyPox/aug-_321_7119100.jpg,NonMonkeyPox
aug/NonMonkeyPox/aug-_129_3719127.jpg,NonMonkeyPox
aug/NonMonkeyPox/aug-_334_3597912.jpg,NonMonkeyPox
aug/NonMonkeyPox/aug-_150_799985.jpg,NonMonkeyPox
aug/NonMonkeyPox/aug-_73_4590900.jpg,NonMonkeyPox
aug/NonMonkeyPox/aug-_84_6769901.jpg,NonMonkeyPox
aug/NonMonkeyPox/aug-_36_8018775.jpg,NonMonkeyPox
aug/NonMonkeyPox/aug-_279_4600165.jpg,NonMonkeyPox
aug/NonMonkeyPox/aug-_186_6854915.jpg,NonMonkeyPox
aug/NonMonkeyPox/aug-_56_6248183.jpg,NonMonkeyPox
aug/NonMonkeyPox/aug-_298_4813151.jpg,NonMonkeyPox
aug/NonMonkeyPox/aug-_312_5168384.jpg,NonMonkeyPox
aug/NonMonkeyPox/aug-_108_1222123.jpg,NonMonkeyPox
aug/NonMonkeyPox/aug-_52_191774.jpg,NonMonkeyPox
aug/NonMonkeyPox/aug-_157_7848043.jpg,NonMonkeyPox
aug/NonMonkeyPox/aug-_229_9926089.jpg,NonMonkeyPox
aug/NonMonkeyPox/aug-_129_4540507.jpg,NonMonkeyPox
aug/NonMonkeyPox/aug-_13_4479052.jpg,NonMonkeyPox
aug/NonMonkeyPox/aug-_194_8017551.jpg,NonMonkeyPox
aug/NonMonkeyPox/aug-_350_8016212.jpg,NonMonkeyPox
aug/NonMonkeyPox/aug-_60_3026987.jpg,NonMonkeyPox
aug/NonMonkeyPox/aug-_6_7829661.jpg,NonMonkeyPox
aug/NonMonkeyPox/aug-_148_5179314.jpg,NonMonkeyPox
aug/NonMonkeyPox/aug-_8_8125353.jpg,NonMonkeyPox
aug/NonMonkeyPox/aug-_296_4925578.jpg,NonMonkeyPox
aug/NonMonkeyPox/aug-_193_7870840.jpg,NonMonkeyPox
aug/NonMonkeyPox/aug-_334_2188473.jpg,NonMonkeyPox
aug/NonMonkeyPox/aug-_51_4120691.jpg,NonMonkeyPox
aug/NonMonkeyPox/aug-_92_5310039.jpg,NonMonkeyPox
aug/NonMonkeyPox/aug-_259_5492533.jpg,NonMonkeyPox
aug/NonMonkeyPox/aug-_189_610091.jpg,NonMonkeyPox
aug/NonMonkeyPox/aug-_121_1922192.jpg,NonMonkeyPox
aug/NonMonkeyPox/aug-_262_8367302.jpg,NonMonkeyPox
aug/NonMonkeyPox/aug-_307_5221412.jpg,NonMonkeyPox
aug/NonMonkeyPox/aug-_207_9762601.jpg,NonMonkeyPox
aug/NonMonkeyPox/aug-_4_2227046.jpg,NonMonkeyPox
aug/NonMonkeyPox/aug-_316_8200115.jpg,NonMonkeyPox
aug/NonMonkeyPox/aug-_149_3675855.jpg,NonMonkeyPox
aug/NonMonkeyPox/aug-_30_838076.jpg,NonMonkeyPox
aug/NonMonkeyPox/aug-_240_5629138.jpg,NonMonkeyPox
aug/NonMonkeyPox/aug-_35_7609953.jpg,NonMonkeyPox
aug/NonMonkeyPox/aug-_333_5984311.jpg,NonMonkeyPox
aug/NonMonkeyPox/aug-_72_9587776.jpg,NonMonkeyPox
aug/NonMonkeyPox/aug-_21_7008457.jpg,NonMonkeyPox
aug/NonMonkeyPox/aug-_231_594237.jpg,NonMonkeyPox
aug/NonMonkeyPox/aug-_367_6817755.jpg,NonMonkeyPox
aug/NonMonkeyPox/aug-_227_1732481.jpg,NonMonkeyPox
aug/NonMonkeyPox/aug-_126_3291967.jpg,NonMonkeyPox
aug/NonMonkeyPox/aug-_146_3347658.jpg,NonMonkeyPox
aug/NonMonkeyPox/aug-_297_5962311.jpg,NonMonkeyPox
aug/NonMonkeyPox/aug-_37_9746019.jpg,NonMonkeyPox
aug/NonMonkeyPox/aug-_296_889011.jpg,NonMonkeyPox
aug/NonMonkeyPox/aug-_151_5101827.jpg,NonMonkeyPox
aug/NonMonkeyPox/aug-_56_7708459.jpg,NonMonkeyPox
aug/NonMonkeyPox/aug-_337_2125740.jpg,NonMonkeyPox
aug/NonMonkeyPox/aug-_178_6770143.jpg,NonMonkeyPox
aug/NonMonkeyPox/aug-_247_3561552.jpg,NonMonkeyPox
aug/NonMonkeyPox/aug-_317_9858070.jpg,NonMonkeyPox
aug/NonMonkeyPox/aug-_259_8406699.jpg,NonMonkeyPox
aug/NonMonkeyPox/aug-_97_5257151.jpg,NonMonkeyPox
aug/NonMonkeyPox/aug-_1_2025443.jpg,NonMonkeyPox
aug/NonMonkeyPox/aug-_79_9987246.jpg,NonMonkeyPox
aug/NonMonkeyPox/aug-_195_5901306.jpg,NonMonkeyPox
aug/NonMonkeyPox/aug-_213_1777800.jpg,NonMonkeyPox
aug/NonMonkeyPox/aug-_110_110330.jpg,NonMonkeyPox
aug/NonMonkeyPox/aug-_40_5930249.jpg,NonMonkeyPox
aug/NonMonkeyPox/aug-_123_4769719.jpg,NonMonkeyPox
aug/NonMonkeyPox/aug-_99_8091402.jpg,NonMonkeyPox
aug/NonMonkeyPox/aug-_235_5788144.jpg,NonMonkeyPox
aug/NonMonkeyPox/aug-_131_2784208.jpg,NonMonkeyPox
aug/NonMonkeyPox/aug-_303_7806160.jpg,NonMonkeyPox
aug/NonMonkeyPox/aug-_11_4055169.jpg,NonMonkeyPox
aug/NonMonkeyPox/aug-_156_3708629.jpg,NonMonkeyPox
aug/NonMonkeyPox/aug-_167_3183825.jpg,NonMonkeyPox
aug/NonMonkeyPox/aug-_241_9235623.jpg,NonMonkeyPox
aug/NonMonkeyPox/aug-_245_2386269.jpg,NonMonkeyPox
aug/NonMonkeyPox/aug-_291_1971196.jpg,NonMonkeyPox
aug/NonMonkeyPox/aug-_93_4710160.jpg,NonMonkeyPox
aug/NonMonkeyPox/aug-_36_7048503.jpg,NonMonkeyPox
aug/NonMonkeyPox/aug-_210_2423809.jpg,NonMonkeyPox
aug/NonMonkeyPox/aug-_336_5087802.jpg,NonMonkeyPox
aug/NonMonkeyPox/aug-_43_6030802.jpg,NonMonkeyPox
aug/NonMonkeyPox/aug-_363_9578559.jpg,NonMonkeyPox
aug/NonMonkeyPox/aug-_166_6894470.jpg,NonMonkeyPox
aug/NonMonkeyPox/aug-_357_2761116.jpg,NonMonkeyPox
aug/NonMonkeyPox/aug-_71_7215112.jpg,NonMonkeyPox
aug/NonMonkeyPox/aug-_267_2541678.jpg,NonMonkeyPox
aug/NonMonkeyPox/aug-_130_4318427.jpg,NonMonkeyPox
aug/NonMonkeyPox/aug-_93_479181.jpg,NonMonkeyPox
aug/NonMonkeyPox/aug-_301_511295.jpg,NonMonkeyPox
aug/NonMonkeyPox/aug-_84_1307334.jpg,NonMonkeyPox
aug/NonMonkeyPox/aug-_171_930298.jpg,NonMonkeyPox
aug/NonMonkeyPox/aug-_314_9870818.jpg,NonMonkeyPox
aug/NonMonkeyPox/aug-_159_5483255.jpg,NonMonkeyPox
aug/NonMonkeyPox/aug-_243_7574047.jpg,NonMonkeyPox
aug/NonMonkeyPox/aug-_66_3093190.jpg,NonMonkeyPox
aug/NonMonkeyPox/aug-_256_3615305.jpg,NonMonkeyPox
aug/NonMonkeyPox/aug-_362_7017188.jpg,NonMonkeyPox
aug/NonMonkeyPox/aug-_286_7278002.jpg,NonMonkeyPox
aug/NonMonkeyPox/aug-_141_8911447.jpg,NonMonkeyPox
aug/NonMonkeyPox/aug-_120_343543.jpg,NonMonkeyPox
aug/NonMonkeyPox/aug-_252_5499726.jpg,NonMonkeyPox
aug/NonMonkeyPox/aug-_115_4748852.jpg,NonMonkeyPox
aug/NonMonkeyPox/aug-_94_9243304.jpg,NonMonkeyPox
aug/NonMonkeyPox/aug-_70_3660385.jpg,NonMonkeyPox
aug/NonMonkeyPox/aug-_12_3466443.jpg,NonMonkeyPox
aug/NonMonkeyPox/aug-_242_3179054.jpg,NonMonkeyPox
aug/NonMonkeyPox/aug-_117_8200803.jpg,NonMonkeyPox
aug/NonMonkeyPox/aug-_37_4805882.jpg,NonMonkeyPox
aug/NonMonkeyPox/aug-_34_8254832.jpg,NonMonkeyPox
aug/NonMonkeyPox/aug-_345_1468637.jpg,NonMonkeyPox
aug/NonMonkeyPox/aug-_27_5326571.jpg,NonMonkeyPox
aug/NonMonkeyPox/aug-_17_3863376.jpg,NonMonkeyPox
aug/NonMonkeyPox/aug-_133_1090210.jpg,NonMonkeyPox
aug/NonMonkeyPox/aug-_329_3841909.jpg,NonMonkeyPox
aug/NonMonkeyPox/aug-_234_1656089.jpg,NonMonkeyPox
aug/NonMonkeyPox/aug-_206_4556806.jpg,NonMonkeyPox
aug/NonMonkeyPox/aug-_37_2484245.jpg,NonMonkeyPox
aug/NonMonkeyPox/aug-_57_6255978.jpg,NonMonkeyPox
aug/NonMonkeyPox/aug-_76_4267.jpg,NonMonkeyPox
aug/NonMonkeyPox/aug-_24_2789479.jpg,NonMonkeyPox
aug/NonMonkeyPox/aug-_102_3755765.jpg,NonMonkeyPox
aug/NonMonkeyPox/aug-_29_7569365.jpg,NonMonkeyPox
aug/NonMonkeyPox/aug-_24_8072593.jpg,NonMonkeyPox
aug/NonMonkeyPox/aug-_283_1968883.jpg,NonMonkeyPox
aug/NonMonkeyPox/aug-_100_6684884.jpg,NonMonkeyPox
aug/NonMonkeyPox/aug-_83_22890.jpg,NonMonkeyPox
aug/NonMonkeyPox/aug-_147_8505830.jpg,NonMonkeyPox
aug/NonMonkeyPox/aug-_276_5825055.jpg,NonMonkeyPox
aug/NonMonkeyPox/aug-_361_8690417.jpg,NonMonkeyPox
aug/NonMonkeyPox/aug-_31_6489501.jpg,NonMonkeyPox
aug/NonMonkeyPox/aug-_366_3844901.jpg,NonMonkeyPox
aug/NonMonkeyPox/aug-_353_5752745.jpg,NonMonkeyPox
aug/NonMonkeyPox/aug-_269_8920226.jpg,NonMonkeyPox
aug/NonMonkeyPox/aug-_258_4569216.jpg,NonMonkeyPox
aug/NonMonkeyPox/aug-_73_3113032.jpg,NonMonkeyPox
aug/NonMonkeyPox/aug-_139_7946608.jpg,NonMonkeyPox
aug/NonMonkeyPox/aug-_24_2744765.jpg,NonMonkeyPox
aug/NonMonkeyPox/aug-_253_5108737.jpg,NonMonkeyPox
aug/NonMonkeyPox/aug-_103_4140414.jpg,NonMonkeyPox
aug/NonMonkeyPox/aug-_102_8739246.jpg,NonMonkeyPox
aug/NonMonkeyPox/aug-_30_2413964.jpg,NonMonkeyPox
aug/NonMonkeyPox/aug-_228_9752900.jpg,NonMonkeyPox
aug/NonMonkeyPox/aug-_44_6714858.jpg,NonMonkeyPox
aug/NonMonkeyPox/aug-_128_8170171.jpg,NonMonkeyPox
aug/NonMonkeyPox/aug-_91_8042038.jpg,NonMonkeyPox
aug/NonMonkeyPox/aug-_33_9998167.jpg,NonMonkeyPox
aug/NonMonkeyPox/aug-_152_2318070.jpg,NonMonkeyPox
aug/NonMonkeyPox/aug-_244_664744.jpg,NonMonkeyPox
aug/NonMonkeyPox/aug-_33_1011289.jpg,NonMonkeyPox
aug/NonMonkeyPox/aug-_220_3976806.jpg,NonMonkeyPox
aug/NonMonkeyPox/aug-_53_6094456.jpg,NonMonkeyPox
aug/NonMonkeyPox/aug-_82_2140541.jpg,NonMonkeyPox
aug/NonMonkeyPox/aug-_342_2965504.jpg,NonMonkeyPox
aug/NonMonkeyPox/aug-_36_9089338.jpg,NonMonkeyPox
aug/NonMonkeyPox/aug-_215_1368649.jpg,NonMonkeyPox
aug/NonMonkeyPox/aug-_16_5693409.jpg,NonMonkeyPox
aug/NonMonkeyPox/aug-_112_8221937.jpg,NonMonkeyPox
aug/NonMonkeyPox/aug-_335_6327944.jpg,NonMonkeyPox
aug/NonMonkeyPox/aug-_157_7582002.jpg,NonMonkeyPox
aug/NonMonkeyPox/aug-_354_3658349.jpg,NonMonkeyPox
aug/NonMonkeyPox/aug-_155_6334301.jpg,NonMonkeyPox
aug/NonMonkeyPox/aug-_85_4286483.jpg,NonMonkeyPox
aug/NonMonkeyPox/aug-_348_7997698.jpg,NonMonkeyPox
aug/NonMonkeyPox/aug-_176_4886418.jpg,NonMonkeyPox
aug/NonMonkeyPox/aug-_322_1688125.jpg,NonMonkeyPox
aug/NonMonkeyPox/aug-_92_111241.jpg,NonMonkeyPox
aug/NonMonkeyPox/aug-_67_9000927.jpg,NonMonkeyPox
aug/NonMonkeyPox/aug-_85_8025928.jpg,NonMonkeyPox
aug/NonMonkeyPox/aug-_185_3298805.jpg,NonMonkeyPox
aug/NonMonkeyPox/aug-_23_7440377.jpg,NonMonkeyPox
aug/NonMonkeyPox/aug-_74_3021857.jpg,NonMonkeyPox
aug/NonMonkeyPox/aug-_303_2753421.jpg,NonMonkeyPox
aug/NonMonkeyPox/aug-_319_591192.jpg,NonMonkeyPox
aug/NonMonkeyPox/aug-_90_5390665.jpg,NonMonkeyPox
aug/NonMonkeyPox/aug-_312_168119.jpg,NonMonkeyPox
aug/NonMonkeyPox/aug-_63_9333222.jpg,NonMonkeyPox
aug/NonMonkeyPox/aug-_194_9965209.jpg,NonMonkeyPox
aug/NonMonkeyPox/aug-_38_6803480.jpg,NonMonkeyPox
aug/NonMonkeyPox/aug-_114_5390637.jpg,NonMonkeyPox
aug/NonMonkeyPox/aug-_198_4352721.jpg,NonMonkeyPox
aug/NonMonkeyPox/aug-_180_549966.jpg,NonMonkeyPox
aug/NonMonkeyPox/aug-_59_8972224.jpg,NonMonkeyPox
aug/NonMonkeyPox/aug-_88_5632264.jpg,NonMonkeyPox
aug/NonMonkeyPox/aug-_111_5150605.jpg,NonMonkeyPox
aug/NonMonkeyPox/aug-_224_2931397.jpg,NonMonkeyPox
aug/NonMonkeyPox/aug-_29_9590220.jpg,NonMonkeyPox
aug/NonMonkeyPox/aug-_271_8835131.jpg,NonMonkeyPox
aug/NonMonkeyPox/aug-_179_5750318.jpg,NonMonkeyPox
aug/NonMonkeyPox/aug-_205_954427.jpg,NonMonkeyPox
aug/NonMonkeyPox/aug-_142_6931753.jpg,NonMonkeyPox
aug/NonMonkeyPox/aug-_198_8325796.jpg,NonMonkeyPox
aug/NonMonkeyPox/aug-_69_8301022.jpg,NonMonkeyPox
aug/NonMonkeyPox/aug-_282_8271231.jpg,NonMonkeyPox
aug/NonMonkeyPox/aug-_81_4241925.jpg,NonMonkeyPox
aug/NonMonkeyPox/aug-_236_6369005.jpg,NonMonkeyPox
aug/NonMonkeyPox/aug-_270_8933463.jpg,NonMonkeyPox
aug/NonMonkeyPox/aug-_60_6639387.jpg,NonMonkeyPox
aug/NonMonkeyPox/aug-_187_590549.jpg,NonMonkeyPox
aug/NonMonkeyPox/aug-_140_7553369.jpg,NonMonkeyPox
aug/NonMonkeyPox/aug-_250_1697722.jpg,NonMonkeyPox
aug/NonMonkeyPox/aug-_57_6154839.jpg,NonMonkeyPox
aug/NonMonkeyPox/aug-_22_1173142.jpg,NonMonkeyPox
aug/NonMonkeyPox/aug-_47_314291.jpg,NonMonkeyPox
aug/NonMonkeyPox/aug-_112_7573028.jpg,NonMonkeyPox
aug/NonMonkeyPox/aug-_313_6811212.jpg,NonMonkeyPox
aug/NonMonkeyPox/aug-_197_1006502.jpg,NonMonkeyPox
aug/NonMonkeyPox/aug-_204_1037941.jpg,NonMonkeyPox
aug/NonMonkeyPox/aug-_52_5065428.jpg,NonMonkeyPox
aug/NonMonkeyPox/aug-_137_4188593.jpg,NonMonkeyPox
aug/NonMonkeyPox/aug-_141_7876667.jpg,NonMonkeyPox
aug/NonMonkeyPox/aug-_71_9534141.jpg,NonMonkeyPox
aug/NonMonkeyPox/aug-_16_3694690.jpg,NonMonkeyPox
aug/NonMonkeyPox/aug-_134_6104055.jpg,NonMonkeyPox
aug/NonMonkeyPox/aug-_11_371652.jpg,NonMonkeyPox
aug/NonMonkeyPox/aug-_17_7044287.jpg,NonMonkeyPox
aug/NonMonkeyPox/aug-_308_8707347.jpg,NonMonkeyPox
aug/NonMonkeyPox/aug-_53_9337443.jpg,NonMonkeyPox
aug/NonMonkeyPox/aug-_143_4563470.jpg,NonMonkeyPox
aug/NonMonkeyPox/aug-_115_1993845.jpg,NonMonkeyPox
aug/NonMonkeyPox/aug-_340_8426816.jpg,NonMonkeyPox
aug/NonMonkeyPox/aug-_231_856166.jpg,NonMonkeyPox
aug/NonMonkeyPox/aug-_18_6836408.jpg,NonMonkeyPox
aug/NonMonkeyPox/aug-_366_3316121.jpg,NonMonkeyPox
aug/NonMonkeyPox/aug-_26_5167759.jpg,NonMonkeyPox
aug/NonMonkeyPox/aug-_48_6894665.jpg,NonMonkeyPox
aug/NonMonkeyPox/aug-_203_5539157.jpg,NonMonkeyPox
aug/NonMonkeyPox/aug-_170_4858229.jpg,NonMonkeyPox
aug/NonMonkeyPox/aug-_175_860956.jpg,NonMonkeyPox
aug/NonMonkeyPox/aug-_5_5456265.jpg,NonMonkeyPox
aug/NonMonkeyPox/aug-_238_9634290.jpg,NonMonkeyPox
aug/NonMonkeyPox/aug-_128_8201339.jpg,NonMonkeyPox
aug/NonMonkeyPox/aug-_64_9259342.jpg,NonMonkeyPox
aug/NonMonkeyPox/aug-_240_4321842.jpg,NonMonkeyPox
aug/NonMonkeyPox/aug-_80_8716908.jpg,NonMonkeyPox
aug/NonMonkeyPox/aug-_125_3531880.jpg,NonMonkeyPox
aug/NonMonkeyPox/aug-_276_7935817.jpg,NonMonkeyPox
aug/NonMonkeyPox/aug-_111_9296950.jpg,NonMonkeyPox
aug/NonMonkeyPox/aug-_219_1356411.jpg,NonMonkeyPox
aug/NonMonkeyPox/aug-_191_1850014.jpg,NonMonkeyPox
aug/NonMonkeyPox/aug-_118_7359450.jpg,NonMonkeyPox
aug/NonMonkeyPox/aug-_12_3557900.jpg,NonMonkeyPox
aug/NonMonkeyPox/aug-_313_1560492.jpg,NonMonkeyPox
aug/NonMonkeyPox/aug-_22_8913092.jpg,NonMonkeyPox
aug/NonMonkeyPox/aug-_340_2259970.jpg,NonMonkeyPox
aug/NonMonkeyPox/aug-_64_4661488.jpg,NonMonkeyPox
aug/NonMonkeyPox/aug-_323_4701913.jpg,NonMonkeyPox
aug/NonMonkeyPox/aug-_325_6054359.jpg,NonMonkeyPox
aug/NonMonkeyPox/aug-_254_7052741.jpg,NonMonkeyPox
aug/NonMonkeyPox/aug-_163_1056243.jpg,NonMonkeyPox
aug/NonMonkeyPox/aug-_59_8771925.jpg,NonMonkeyPox
aug/NonMonkeyPox/aug-_131_2823026.jpg,NonMonkeyPox
aug/NonMonkeyPox/aug-_278_9868775.jpg,NonMonkeyPox
aug/NonMonkeyPox/aug-_19_5491829.jpg,NonMonkeyPox
aug/NonMonkeyPox/aug-_44_2463854.jpg,NonMonkeyPox
aug/NonMonkeyPox/aug-_77_4428913.jpg,NonMonkeyPox
aug/NonMonkeyPox/aug-_0_7423144.jpg,NonMonkeyPox
aug/NonMonkeyPox/aug-_79_8565969.jpg,NonMonkeyPox
aug/NonMonkeyPox/aug-_213_5953374.jpg,NonMonkeyPox
aug/NonMonkeyPox/aug-_80_2203059.jpg,NonMonkeyPox
aug/NonMonkeyPox/aug-_332_341655.jpg,NonMonkeyPox
aug/NonMonkeyPox/aug-_356_194863.jpg,NonMonkeyPox
aug/NonMonkeyPox/aug-_245_1490841.jpg,NonMonkeyPox
aug/NonMonkeyPox/aug-_91_3668980.jpg,NonMonkeyPox
aug/NonMonkeyPox/aug-_233_5015702.jpg,NonMonkeyPox
aug/NonMonkeyPox/aug-_301_7228413.jpg,NonMonkeyPox
aug/NonMonkeyPox/aug-_45_6242832.jpg,NonMonkeyPox
aug/NonMonkeyPox/aug-_149_4315188.jpg,NonMonkeyPox
aug/NonMonkeyPox/aug-_341_2008849.jpg,NonMonkeyPox
aug/NonMonkeyPox/aug-_66_1955619.jpg,NonMonkeyPox
aug/NonMonkeyPox/aug-_163_3452192.jpg,NonMonkeyPox
aug/NonMonkeyPox/aug-_292_948819.jpg,NonMonkeyPox
